,id_municipio,municipio,Escolaridade - Taxa de analfabetismo da população de 15 anos ou mais - 2010,Saneamento - Percentual da população urbana em domicílios com abastecimento de água (rede) - 2010,Saneamento - Percentual da população urbana em domicílios com abastecimento de água (rede) - 2011,Saneamento - Percentual da população urbana em domicílios com abastecimento de água (rede) - 2012,Saneamento - Percentual da população urbana em domicílios com abastecimento de água (rede) - 2013,Saneamento - Percentual da população urbana em domicílios com abastecimento de água (rede) - 2014,Saneamento - Percentual da população urbana em domicílios com abastecimento de água (rede) - 2015,Saneamento - Percentual da população urbana em domicílios com abastecimento de água (rede) - 2016,Saneamento - Percentual da população urbana em domicílios com abastecimento de água (rede) - 2017,Saneamento - Percentual da população urbana em domicílios com abastecimento de água (rede) - 2018,Saneamento - Percentual da população urbana em domicílios com coleta de lixo (direta e indireta) - 2010,Saneamento - Percentual da população urbana em domicílios com coleta de lixo (direta e indireta) - 2011,Saneamento - Percentual da população urbana em domicílios com coleta de lixo (direta e indireta) - 2012,Saneamento - Percentual da população urbana em domicílios com coleta de lixo (direta e indireta) - 2013,Saneamento - Percentual da população urbana em domicílios com coleta de lixo (direta e indireta) - 2014,Saneamento - Percentual da população urbana em domicílios com coleta de lixo (direta e indireta) - 2015,Saneamento - Percentual da população urbana em domicílios com coleta de lixo (direta e indireta) - 2016,Saneamento - Percentual da população urbana em domicílios com coleta de lixo (direta e indireta) - 2017,Saneamento - Percentual da população urbana em domicílios com coleta de lixo (direta e indireta) - 2018,Saneamento - Percentual da população urbana em domicílios com esgotamento sanitário (rede) - 2010,Saneamento - Percentual da população urbana em domicílios com esgotamento sanitário (rede) - 2011,Saneamento - Percentual da população urbana em domicílios com esgotamento sanitário (rede) - 2012,Saneamento - Percentual da população urbana em domicílios com esgotamento sanitário (rede) - 2013,Saneamento - Percentual da população urbana em domicílios com esgotamento sanitário (rede) - 2014,Saneamento - Percentual da população urbana em domicílios com esgotamento sanitário (rede) - 2015,Saneamento - Percentual da população urbana em domicílios com esgotamento sanitário (rede) - 2016,Saneamento - Percentual da população urbana em domicílios com esgotamento sanitário (rede) - 2017,Saneamento - Percentual da população urbana em domicílios com esgotamento sanitário (rede) - 2018,Saneamento - Percentual de pessoas em situação de vulnerabilidade pelas condições de saneamento básico - 2014,Saneamento - Percentual de pessoas em situação de vulnerabilidade pelas condições de saneamento básico - 2015,Saneamento - Percentual de pessoas em situação de vulnerabilidade pelas condições de saneamento básico - 2016,Saneamento - Percentual de pessoas em situação de vulnerabilidade pelas condições de saneamento básico - 2017,Saneamento - Percentual de pessoas em situação de vulnerabilidade pelas condições de saneamento básico - 2018,Saneamento - Percentual de pessoas em situação de vulnerabilidade pelas condições de saneamento básico - 2019,Trabalho e renda - Percentual da população pobre ou extremamente pobre no Cadastro Único em relação a população total do município - 2014,Trabalho e renda - Percentual da população pobre ou extremamente pobre no Cadastro Único em relação a população total do município - 2015,Trabalho e renda - Percentual da população pobre ou extremamente pobre no Cadastro Único em relação a população total do município - 2016,Trabalho e renda - Percentual da população pobre ou extremamente pobre no Cadastro Único em relação a população total do município - 2017,Trabalho e renda - Percentual da população pobre ou extremamente pobre no Cadastro Único em relação a população total do município - 2018,Trabalho e renda - Percentual da população pobre ou extremamente pobre no Cadastro Único em relação a população total do município - 2019,Trabalho e renda - Produto Interno Bruto per capita - 2010,Trabalho e renda - Produto Interno Bruto per capita - 2011,Trabalho e renda - Produto Interno Bruto per capita - 2012,Trabalho e renda - Produto Interno Bruto per capita - 2013,Trabalho e renda - Produto Interno Bruto per capita - 2014,Trabalho e renda - Produto Interno Bruto per capita - 2015,Trabalho e renda - Produto Interno Bruto per capita - 2016,Trabalho e renda - Produto Interno Bruto per capita - 2017,Trabalho e renda - Produto Interno Bruto per capita - 2018,Salário médio mensal dos trabalhadores formais,Trabalho e renda - Taxa de emprego no setor formal - 2010,Trabalho e renda - Taxa de emprego no setor formal - 2011,Trabalho e renda - Taxa de emprego no setor formal - 2012,Trabalho e renda - Taxa de emprego no setor formal - 2013,Trabalho e renda - Taxa de emprego no setor formal - 2014,Trabalho e renda - Taxa de emprego no setor formal - 2015,Trabalho e renda - Taxa de emprego no setor formal - 2016,Trabalho e renda - Taxa de emprego no setor formal - 2017,Trabalho e renda - Taxa de emprego no setor formal - 2018,Trabalho e renda - Taxa de emprego no setor formal - 2019,educacao_escolaridade15+_f - Sem instrução/1º ciclo fundamental incompleto - Mulheres,educacao_escolaridade15+_f - 1º ciclo fundamental completo/2º ciclo incompleto - Mulheres,educacao_escolaridade15+_f - 2º ciclo fundamental completo ou mais,educacao_escolaridade15+_f - Não determinada - Mulheres,educacao_escolaridade15+_f - Todos os Ciclos - Mulheres,educacao_escolaridade15+_m - Sem instrução/1º ciclo fundamental incompleto - Homens,educacao_escolaridade15+_m - 1º ciclo fundamental completo/2º ciclo incompleto - Homens,educacao_escolaridade15+_m - 2º ciclo fundamental completo ou mais - Homens,educacao_escolaridade15+_m - Não determinada - Homens,educacao_escolaridade15+_m - Todos os Ciclos - Homens,educacao_escolaridade15+_t - Sem instrução/1º ciclo fundamental incompleto - Total,educacao_escolaridade15+_t - 1º ciclo fundamental completo/2º ciclo incompleto - Total,educacao_escolaridade15+_t - 2º ciclo fundamental completo ou mais - Total,educacao_escolaridade15+_t - Não determinada - Total,educacao_escolaridade15+_t - Todos os Ciclos - Total,Índice de Gini 2010,IDHM 2010,%_população_com_renda_<_1/2_SM,%_população_com_renda_<_1/4_SM,%_crianças_renda_dom_<_1/2_SM,%_crianças_renda_dom_<_1/4_SM,razaorenda - 1991,razaorenda - 2000,razaorenda - 2010,Taxa_de_desemprego_16a_e+
1,310020.0,Abaeté,8.72,100.0,100.0,100.0,100.0,100.0,97.6,96.4,96.0,97.1,,,,,,,,,,,100.0,,,,,0.31,1.6,2.04,4.34,4.47,4.61,3.82,2.59,2.58,30.18,17.42,14.36,11.63,9.75,9.52,9970.25,10935.43,11932.97,13038.79,14882.01,14429.87,18243.05,18043.61,21286.43,1.7,27.5,28.7,29.2,29.6,29.0,26.7,25.9,25.8,24.6,23.7,3060.0,1691.0,3543.0,765.0,9059.0,3305.0,1647.0,2960.0,748.0,8660.0,6365.0,3338.0,6503.0,1513.0,17719.0,0.54,0.698,27.99,7.01,47.28,11.49,13.18,18.34,15.09,4.44
34,310320.0,Araçaí,10.29,100.0,100.0,100.0,100.0,100.0,97.4,97.3,93.9,93.9,,,100.0,100.0,99.62,100.0,100.0,100.0,100.0,,,100.0,,100.0,99.63,99.25,98.99,80.6,8.09,6.45,5.93,5.88,6.4,6.55,40.6,32.45,31.11,25.9,25.37,26.76,14344.81,12540.57,13817.2,14600.98,15926.45,16441.15,19193.15,24551.72,23704.57,1.2,38.2,36.6,36.6,35.3,35.3,28.8,33.6,28.9,35.6,38.4,159.0,188.0,466.0,86.0,899.0,166.0,198.0,333.0,120.0,817.0,325.0,386.0,799.0,206.0,1716.0,0.42,0.695,36.2,9.41,58.71,18.75,10.92,12.87,10.08,5.13
42,310390.0,Araújos,8.1,,,,,,88.7,,99.0,98.7,,,,100.0,100.0,98.59,,,,,,,,,88.66,,87.55,88.61,2.89,2.04,2.11,1.33,0.22,0.3,10.11,8.37,8.28,7.28,6.49,6.3,14733.27,19579.67,22966.66,24605.04,27593.4,27110.81,29952.1,34479.56,33338.17,1.6,31.0,31.9,33.5,32.2,31.9,31.5,29.8,30.5,30.1,26.1,863.0,372.0,1323.0,399.0,2957.0,980.0,538.0,1067.0,459.0,3044.0,1843.0,910.0,2390.0,858.0,6001.0,0.36,0.698,17.45,1.93,31.4,2.65,9.89,9.17,6.4,1.63
52,310480.0,Augusto de Lima,14.47,100.0,100.0,100.0,100.0,100.0,93.2,94.4,91.7,94.5,,,,,,,,,,,,,,,,,,,2.29,2.32,2.18,2.36,1.66,1.63,45.0,38.61,38.41,38.17,36.11,31.48,8546.65,8728.61,9704.88,10430.15,11396.52,11658.29,12675.85,12852.15,14581.54,1.6,24.2,23.5,17.8,18.7,18.8,16.8,16.9,17.9,18.9,15.6,557.0,253.0,794.0,212.0,1816.0,635.0,292.0,647.0,274.0,1848.0,1192.0,545.0,1441.0,486.0,3664.0,0.42,0.656,48.21,13.74,68.81,24.46,9.17,14.71,8.6,8.52
54,310500.0,Baldim,9.32,100.0,100.0,100.0,100.0,100.0,85.9,86.5,84.7,86.2,,,100.0,100.0,100.0,100.0,100.0,100.0,100.0,,,83.6,97.99,100.0,100.0,100.0,100.0,100.0,7.07,8.43,8.28,8.77,8.87,8.93,51.09,34.85,33.48,30.97,29.69,29.2,7659.58,7423.52,10115.62,8964.74,10042.51,9900.11,12687.01,13367.15,14332.64,2.0,44.9,42.6,41.2,32.7,33.3,25.8,24.0,21.4,22.4,27.8,1206.0,238.0,1444.0,224.0,3112.0,1124.0,344.0,1139.0,350.0,2957.0,2330.0,582.0,2583.0,574.0,6069.0,0.46,0.671,41.93,14.14,68.22,24.0,13.57,19.26,11.03,8.57
65,310620.0,Belo Horizonte,2.87,100.0,100.0,100.0,100.0,100.0,94.9,95.0,94.4,95.3,95.0,95.0,95.59,96.0,96.0,96.0,96.0,96.0,96.0,100.0,100.0,100.0,100.0,100.0,91.32,92.49,91.9,94.19,1.42,1.31,1.52,1.69,1.76,1.85,16.77,11.09,9.73,8.78,8.15,8.57,24922.95,27797.65,31167.37,33167.4,35024.13,34888.3,35169.76,35253.42,36759.66,3.4,80.4,86.4,87.9,84.6,82.7,74.0,71.2,70.6,70.2,65.6,148935.0,106595.0,711399.0,69257.0,1036186.0,110850.0,98135.0,607115.0,65585.0,881685.0,259785.0,204730.0,1318514.0,134842.0,1917871.0,0.6,0.81,16.13,5.61,29.43,9.94,28.11,31.4,27.22,6.21
67,310640.0,Belo Vale,8.57,100.0,100.0,100.0,100.0,100.0,97.9,97.8,97.4,99.3,100.0,100.0,100.0,100.0,100.0,100.0,100.0,100.0,88.99,,,,,,,100.0,99.85,100.0,1.4,1.42,1.3,0.9,0.6,0.32,35.99,27.76,26.21,22.07,21.45,21.7,8177.87,13566.8,13080.31,13747.4,16510.01,15002.14,16993.9,18674.01,19736.26,1.8,15.0,13.2,12.9,14.4,17.1,16.2,14.6,14.3,15.4,13.6,1147.0,464.0,1009.0,393.0,3013.0,1075.0,572.0,910.0,448.0,3005.0,2222.0,1036.0,1919.0,841.0,6018.0,0.46,0.655,35.2,10.51,55.34,17.61,12.36,14.39,12.78,4.41
71,310670.0,Betim,5.34,100.0,100.0,100.0,100.0,100.0,92.7,91.1,89.9,89.7,100.0,100.0,98.12,99.0,100.0,100.0,94.93,99.5,100.0,87.56,89.24,91.17,93.85,97.13,75.37,75.7,74.23,76.43,1.61,1.53,1.63,1.85,1.95,1.95,34.07,20.18,17.44,18.91,20.34,21.87,61939.08,56927.57,55678.87,54140.46,54130.7,57282.7,59561.98,54072.89,58911.58,3.2,44.1,45.9,44.6,43.9,42.4,38.4,34.4,33.7,34.1,32.2,28802.0,17465.0,84715.0,14221.0,145203.0,24933.0,19019.0,79382.0,14170.0,137504.0,53735.0,36484.0,164097.0,28391.0,282707.0,0.47,0.749,25.66,8.05,39.93,13.18,15.91,18.93,12.95,9.12
74,310700.0,Biquinhas,10.88,100.0,100.0,100.0,100.0,100.0,100.0,100.0,100.0,100.0,,100.0,100.0,97.71,98.12,98.6,,,,,,,,,,,,,2.12,2.47,2.85,2.13,1.38,1.39,43.7,40.58,33.58,32.59,30.02,31.37,8168.81,9473.48,11324.39,12436.16,12719.16,13177.95,14866.38,15288.42,16728.37,1.7,19.3,19.3,21.9,22.4,20.5,21.5,18.9,17.5,19.8,18.1,373.0,143.0,430.0,135.0,1081.0,412.0,174.0,316.0,182.0,1084.0,785.0,317.0,746.0,317.0,2165.0,0.41,0.688,27.69,6.96,50.64,13.95,15.81,12.58,8.91,3.05
78,310740.0,Bom Despacho,5.84,100.0,100.0,100.0,100.0,100.0,95.2,94.9,94.9,96.3,,,100.0,100.0,95.25,,100.0,100.0,100.0,100.0,100.0,100.0,100.0,100.0,89.23,89.15,88.85,90.28,1.26,1.33,1.18,1.19,0.93,1.07,23.96,15.53,12.83,11.73,10.9,11.79,13815.39,15344.45,17464.94,19169.38,20362.65,21272.95,23170.21,24213.35,26205.17,1.8,30.7,31.6,32.2,33.1,34.1,33.8,32.9,32.8,32.2,30.0,3540.0,2672.0,10079.0,1691.0,17982.0,3992.0,3061.0,8362.0,2083.0,17498.0,7532.0,5733.0,18441.0,3774.0,35480.0,0.49,0.75,19.03,3.54,32.55,5.42,13.38,17.19,11.81,5.52
85,310810.0,Bonfim,12.59,100.0,100.0,100.0,100.0,100.0,90.3,91.1,91.4,94.4,100.0,90.06,100.0,100.0,100.0,100.0,100.0,100.0,,100.0,100.0,100.0,100.0,100.0,65.21,69.27,69.72,71.7,7.92,12.17,14.52,14.68,13.13,12.56,47.82,34.1,29.11,28.23,26.6,27.17,6204.14,7309.82,8584.9,9127.43,10902.48,11041.19,12557.11,12250.25,13055.7,1.6,11.3,11.8,11.1,12.1,13.0,13.3,12.4,13.1,12.8,11.6,1187.0,478.0,797.0,322.0,2784.0,1240.0,608.0,638.0,309.0,2795.0,2427.0,1086.0,1435.0,631.0,5579.0,0.49,0.637,38.99,13.23,57.63,21.48,12.35,14.0,14.13,3.52
96,310900.0,Brumadinho,6.47,84.1,86.9,91.0,89.9,91.4,59.7,81.2,79.3,81.1,0.1,98.37,100.0,,100.0,100.0,100.0,98.74,98.34,73.66,74.24,74.47,75.78,76.29,49.44,49.82,48.62,48.71,0.51,0.71,0.8,1.68,2.12,2.54,28.75,17.3,17.67,17.86,14.64,11.1,39254.99,63537.89,68461.96,80729.36,79263.77,42299.73,42122.38,51191.55,65381.46,2.2,29.8,35.3,34.6,40.9,42.4,36.3,30.8,34.2,35.0,35.9,3427.0,1749.0,6872.0,1123.0,13171.0,3599.0,2043.0,6302.0,1206.0,13150.0,7026.0,3792.0,13174.0,2329.0,26321.0,0.57,0.747,22.07,6.72,34.08,9.59,22.11,19.45,18.88,6.69
104,310960.0,Cachoeira da Prata,3.89,100.0,,82.4,97.9,98.1,98.5,93.4,97.7,100.0,32.6,,100.0,100.0,,100.0,,,,100.0,,81.25,97.09,98.05,98.08,98.52,97.71,100.0,1.06,0.84,1.07,0.65,0.27,0.15,34.13,21.7,22.16,19.98,19.03,14.85,8677.16,9289.9,9650.57,11068.99,11131.3,9792.26,10077.57,10360.24,10662.35,1.6,23.0,23.1,20.3,28.1,23.4,18.1,17.6,21.7,18.8,16.4,413.0,118.0,915.0,151.0,1597.0,404.0,116.0,712.0,125.0,1357.0,817.0,234.0,1627.0,276.0,2954.0,0.43,0.741,25.26,4.0,39.43,5.29,14.63,13.25,8.16,10.07
108,310990.0,Caetanópolis,5.18,100.0,100.0,100.0,100.0,100.0,90.4,90.5,88.7,88.4,,,,,100.0,,100.0,100.0,100.0,,,96.78,93.59,,,89.21,,85.01,8.69,8.58,8.92,8.35,8.88,10.59,23.53,18.03,16.83,16.99,16.79,17.5,14520.58,15911.68,18560.28,19884.83,19625.24,17768.39,19413.43,22172.92,22082.57,1.6,28.0,30.7,28.7,29.2,29.0,26.1,25.5,27.7,26.4,25.9,1033.0,565.0,1863.0,624.0,4085.0,1017.0,791.0,1594.0,638.0,4040.0,2050.0,1356.0,3457.0,1262.0,8125.0,0.42,0.706,30.47,7.49,54.35,13.64,10.74,20.76,9.54,8.83
136,311250.0,Capim Branco,6.46,100.0,100.0,100.0,100.0,100.0,97.9,98.4,97.0,97.1,100.0,,100.0,100.0,100.0,81.03,100.0,99.29,99.27,,,100.0,8.58,11.14,16.3,17.96,19.03,14.38,0.8,1.31,1.18,1.04,1.5,1.32,24.0,17.3,15.64,15.89,15.05,14.9,7018.23,7497.97,7935.5,9177.9,8079.02,8021.79,8285.69,8902.23,9197.33,1.5,28.9,23.2,26.6,26.2,15.6,15.3,13.3,13.7,14.4,12.8,866.0,298.0,1748.0,573.0,3485.0,790.0,434.0,1477.0,652.0,3353.0,1656.0,732.0,3225.0,1225.0,6838.0,0.4,0.695,28.94,6.9,44.69,12.27,12.66,10.56,7.84,6.27
154,311420.0,Carmo do Cajuru,6.38,98.0,100.0,99.4,98.2,100.0,100.0,100.0,96.6,96.6,,,100.0,100.0,100.0,100.0,99.94,94.89,100.0,68.6,90.0,89.88,78.6,83.91,100.0,100.0,88.74,88.74,2.95,3.45,4.12,3.79,4.43,4.27,23.69,8.72,6.63,5.74,5.92,5.97,11384.28,12124.1,12546.08,14128.01,16473.81,16382.16,17505.89,18902.38,18309.3,1.9,29.1,30.3,28.2,29.9,31.0,29.1,26.2,28.8,28.8,27.7,2308.0,1105.0,3609.0,702.0,7724.0,2310.0,1622.0,2959.0,833.0,7724.0,4618.0,2727.0,6568.0,1535.0,15448.0,0.43,0.71,25.23,7.15,44.15,12.22,11.11,9.25,10.37,4.34
171,311560.0,Cedro do Abaeté,14.16,100.0,100.0,100.0,100.0,100.0,85.9,85.2,84.2,80.7,,,,,,100.0,100.0,100.0,100.0,,,48.83,47.71,,52.88,53.09,53.29,65.0,1.5,1.35,0.74,0.81,0.16,0.16,50.7,35.93,37.08,32.33,28.95,26.03,7943.5,8954.1,9910.11,11488.69,12769.24,14169.33,17969.43,14456.14,15471.92,1.9,25.0,25.2,17.2,21.4,21.6,21.1,13.7,14.3,15.1,22.2,152.0,75.0,203.0,26.0,456.0,173.0,113.0,152.0,58.0,496.0,325.0,188.0,355.0,84.0,952.0,0.39,0.678,37.49,8.51,54.83,11.58,11.34,14.59,8.86,8.74
192,311750.0,Conceição do Mato Dentro,17.87,98.6,100.0,100.0,100.0,100.0,84.6,83.8,82.3,85.2,,38.43,100.0,98.0,,,100.0,99.86,99.29,70.95,77.3,83.94,94.71,100.0,69.04,69.03,66.31,68.24,2.05,2.38,3.41,3.62,3.54,3.57,60.17,51.58,47.93,47.48,40.41,40.28,8702.39,9424.04,17488.1,20935.03,19249.41,45592.84,31878.79,44766.17,41556.9,4.3,18.7,20.1,27.7,39.5,40.2,46.6,32.2,35.2,50.1,41.0,2468.0,910.0,2515.0,618.0,6511.0,2614.0,1045.0,2070.0,794.0,6523.0,5082.0,1955.0,4585.0,1412.0,13034.0,0.49,0.634,51.88,23.02,72.54,37.94,19.52,46.0,15.31,7.46
193,311760.0,Conceição do Pará,9.27,100.0,100.0,100.0,100.0,100.0,100.0,100.0,100.0,100.0,,,100.0,100.0,99.48,100.0,100.0,100.0,100.0,,,,100.0,100.0,79.0,78.82,79.57,81.69,9.49,9.58,10.5,10.92,10.49,8.56,38.96,29.79,17.97,18.57,16.88,16.76,30901.03,38226.84,31129.84,27538.19,38163.1,36782.89,45182.06,48739.28,47184.32,2.4,50.3,47.1,40.7,41.8,48.5,45.8,51.3,49.7,35.6,45.8,665.0,253.0,882.0,154.0,1954.0,748.0,291.0,782.0,242.0,2063.0,1413.0,544.0,1664.0,396.0,4017.0,0.42,0.7,22.91,4.48,37.82,9.19,13.47,11.91,8.51,5.52
197,311787.0,Confins,4.92,100.0,100.0,100.0,100.0,100.0,96.6,96.7,96.1,97.8,,,,,,,,,,,,,,,,0.0,0.0,0.0,2.71,2.9,1.82,0.86,0.5,0.81,11.71,10.56,11.81,13.28,11.97,11.8,97786.45,106271.54,119951.02,150597.42,145133.52,121898.35,153877.92,160358.67,163730.38,3.7,110.2,130.2,118.9,131.1,130.4,142.6,131.9,123.5,140.5,115.8,475.0,263.0,1410.0,224.0,2372.0,414.0,315.0,1231.0,253.0,2213.0,889.0,578.0,2641.0,477.0,4585.0,0.45,0.747,22.58,4.4,36.08,7.79,,11.82,9.58,6.26
199,311800.0,Congonhas,4.49,100.0,100.0,100.0,100.0,100.0,81.7,80.8,80.5,79.9,,,92.44,97.33,100.0,,96.94,92.44,92.44,82.15,83.65,85.9,84.98,87.2,65.84,65.95,66.22,66.15,0.9,0.95,0.8,0.55,0.5,0.42,6.83,7.16,9.09,9.56,8.56,8.51,39601.93,56139.33,62823.77,66533.98,68596.05,53898.71,25435.05,30584.39,31529.18,3.0,36.3,38.2,41.6,41.3,44.0,42.5,41.6,45.3,45.7,40.5,4011.0,2839.0,10871.0,1582.0,19303.0,3400.0,2534.0,10346.0,2067.0,18347.0,7411.0,5373.0,21217.0,3649.0,37650.0,0.5,0.753,23.51,6.93,38.52,13.22,18.1,18.73,13.76,8.76
200,311810.0,Congonhas do Norte,26.43,100.0,99.9,100.0,100.0,100.0,100.0,99.9,100.0,100.0,,,100.0,100.0,100.0,100.0,100.0,100.0,100.0,40.03,40.0,40.35,39.3,39.46,65.02,64.9,65.05,66.24,3.16,3.38,3.42,3.94,3.95,3.77,62.57,47.99,43.53,38.82,36.28,36.21,4250.03,5033.27,5712.52,5996.73,6864.6,7112.87,7532.58,7588.54,7999.1,1.7,9.0,9.2,11.7,9.4,9.0,9.6,8.5,9.7,9.2,8.0,862.0,189.0,603.0,180.0,1834.0,930.0,216.0,449.0,176.0,1771.0,1792.0,405.0,1052.0,356.0,3605.0,0.48,0.568,65.45,37.63,85.79,59.55,35.78,107.95,24.66,6.58
205,311860.0,Contagem,3.57,100.0,100.0,100.0,100.0,100.0,89.6,89.2,88.5,88.3,0.02,100.0,99.34,98.59,98.86,100.0,100.0,100.0,100.0,95.74,97.82,98.59,98.98,100.0,80.34,80.95,80.43,81.89,0.9,0.78,0.69,0.66,0.65,0.73,18.21,15.24,14.67,14.06,12.9,12.54,31743.14,33219.02,36780.63,38181.58,41085.68,40119.7,40517.84,44033.01,42077.02,2.4,44.8,46.0,46.1,47.2,45.6,43.4,39.9,39.7,39.6,37.8,45811.0,27881.0,151795.0,20803.0,246290.0,38090.0,28621.0,136627.0,21596.0,224934.0,83901.0,56502.0,288422.0,42399.0,471224.0,0.48,0.756,20.81,7.24,33.24,11.17,12.6,16.38,14.84,7.26
208,311890.0,Cordisburgo,10.83,100.0,100.0,100.0,100.0,100.0,92.4,92.7,92.1,93.4,100.0,25.13,99.85,100.0,98.75,100.0,100.0,100.0,100.0,40.63,40.69,52.02,52.38,54.35,42.19,44.27,44.91,47.92,9.12,11.15,10.74,10.9,9.57,9.13,39.43,30.71,28.26,27.25,29.04,28.95,6202.75,7024.1,7573.05,8514.96,9350.75,10175.57,11123.0,10271.83,10708.03,1.6,9.9,10.1,10.9,11.2,11.5,10.9,11.0,12.9,12.5,11.1,1177.0,390.0,1407.0,358.0,3332.0,1319.0,571.0,1240.0,443.0,3573.0,2496.0,961.0,2647.0,801.0,6905.0,0.46,0.656,42.33,13.85,65.38,30.41,14.75,17.84,11.04,4.75
210,311910.0,Corinto,10.13,100.0,100.0,100.0,100.0,100.0,86.3,86.1,85.0,87.8,100.0,100.0,100.0,100.0,100.0,100.0,,,,93.03,95.99,88.56,87.19,88.26,61.5,60.73,61.17,64.07,1.61,1.56,1.49,1.22,0.83,0.66,42.35,34.86,31.3,30.26,29.1,27.72,6859.32,10712.44,12345.52,10103.89,11349.06,11859.18,12427.2,12992.77,13412.98,1.6,16.5,16.4,17.9,16.9,18.5,19.2,17.3,16.7,18.6,16.3,2944.0,1421.0,4252.0,681.0,9298.0,2963.0,1638.0,3571.0,669.0,8841.0,5907.0,3059.0,7823.0,1350.0,18139.0,0.53,0.68,44.38,19.63,67.38,33.08,18.34,22.42,23.12,7.67
227,312060.0,Crucilândia,13.78,100.0,100.0,100.0,100.0,100.0,96.1,98.0,96.8,98.5,,,,100.0,,100.0,100.0,100.0,100.0,100.0,,100.0,,100.0,99.55,99.11,98.71,99.55,1.9,2.8,3.28,3.37,3.76,3.98,36.13,33.5,31.66,29.7,24.75,25.71,6709.15,7417.72,8692.09,9610.01,10206.14,10704.35,11673.0,10630.14,12571.45,1.6,14.8,17.5,16.8,17.9,18.6,18.0,17.1,19.3,18.2,17.7,620.0,344.0,617.0,264.0,1845.0,665.0,448.0,511.0,290.0,1914.0,1285.0,792.0,1128.0,554.0,3759.0,0.43,0.651,36.68,12.96,60.79,26.92,53.12,13.08,10.71,2.9
232,312090.0,Curvelo,7.83,100.0,100.0,100.0,100.0,100.0,95.2,95.2,94.2,94.8,5.13,80.9,100.0,100.0,80.0,100.0,100.0,100.0,100.0,88.92,92.42,95.87,98.19,100.0,77.62,79.87,79.16,80.58,3.78,4.01,4.15,3.91,3.84,4.02,32.92,24.05,20.35,19.24,17.91,17.73,10786.65,11265.67,14129.33,15679.84,15761.45,17361.97,17044.31,18537.52,19260.82,1.6,30.0,29.6,28.4,30.7,29.7,29.9,28.3,28.8,30.1,29.8,6910.0,4318.0,15364.0,2890.0,29482.0,7331.0,4769.0,11964.0,3238.0,27302.0,14241.0,9087.0,27328.0,6128.0,56784.0,0.52,0.713,36.52,11.16,56.53,21.13,20.32,18.73,14.36,9.71
259,312320.0,Dores do Indaiá,11.04,100.0,100.0,100.0,100.0,100.0,88.2,88.5,87.8,89.7,,,100.0,100.0,100.0,100.0,100.0,100.0,,100.0,100.0,100.0,100.0,100.0,83.71,83.72,83.27,85.22,0.63,0.57,0.6,0.43,0.28,0.22,25.16,14.48,18.74,17.04,13.8,14.0,8815.03,10203.73,11275.88,12093.64,13118.2,13668.15,15195.8,15238.8,16969.75,1.6,23.8,23.2,22.2,24.6,24.9,23.1,22.4,22.5,22.4,20.9,1505.0,968.0,2700.0,499.0,5672.0,1403.0,1015.0,2302.0,516.0,5236.0,2908.0,1983.0,5002.0,1015.0,10908.0,0.47,0.719,23.13,5.81,38.5,10.04,26.03,17.47,11.11,4.86
270,312410.0,Esmeraldas,8.6,82.1,88.6,95.9,100.0,100.0,75.6,76.2,72.0,73.2,,,,,,,85.77,89.96,89.96,16.55,16.8,16.28,15.87,19.03,13.44,14.3,13.86,13.63,17.28,18.45,17.58,16.15,15.09,14.79,41.6,32.42,30.4,30.76,29.22,29.02,5410.3,6113.44,6926.69,7310.24,7926.29,8698.1,9702.53,9796.9,9832.71,1.8,13.7,15.2,14.6,15.5,15.5,15.0,13.8,12.9,13.2,12.4,6578.0,3082.0,9439.0,2748.0,21847.0,6824.0,3781.0,8255.0,2915.0,21775.0,13402.0,6863.0,17694.0,5663.0,43622.0,0.43,0.671,37.64,13.7,55.62,22.07,13.76,22.29,11.3,7.59
276,312470.0,Estrela do Indaiá,13.52,100.0,100.0,100.0,100.0,100.0,88.6,88.4,87.6,89.1,,100.0,100.0,100.0,100.0,100.0,100.0,100.0,100.0,,,,,,47.01,50.14,51.25,56.87,0.09,0.11,0.25,0.0,0.51,0.6,30.31,22.93,18.95,16.24,14.08,12.11,14533.82,19363.76,20163.6,21165.34,22472.64,23516.14,27314.81,26588.43,27552.91,1.7,21.1,23.5,22.4,22.0,19.9,20.1,19.1,18.7,18.2,18.2,466.0,244.0,520.0,156.0,1386.0,546.0,243.0,383.0,214.0,1386.0,1012.0,487.0,903.0,370.0,2772.0,0.46,0.676,36.22,8.72,60.75,15.36,21.22,11.5,10.59,5.95
285,312570.0,Felixlândia,10.22,100.0,100.0,100.0,100.0,100.0,93.1,92.7,92.6,92.6,,,,100.0,,,93.88,100.0,100.0,,,,,,,10.22,10.16,10.18,5.05,5.58,5.58,6.33,5.34,5.1,37.99,29.09,26.95,25.75,22.91,21.66,13206.83,13845.63,18322.34,22816.22,16542.9,16694.31,17063.76,13721.12,14606.74,2.0,21.2,21.6,18.1,20.6,21.2,19.6,18.0,19.8,18.7,18.9,1584.0,1024.0,2227.0,527.0,5362.0,1860.0,1318.0,1562.0,622.0,5362.0,3444.0,2342.0,3789.0,1149.0,10724.0,0.45,0.648,40.53,10.87,61.91,16.03,19.83,19.33,11.07,8.91
289,312600.0,Florestal,6.46,100.0,100.0,100.0,100.0,100.0,100.0,100.0,100.0,99.4,100.0,100.0,100.0,,100.0,100.0,100.0,97.98,100.0,100.0,99.89,100.0,,100.0,99.0,98.86,100.0,99.43,5.62,6.34,5.58,5.42,4.47,3.47,32.56,22.56,20.1,17.11,12.74,10.9,7834.96,8787.39,10151.74,10598.97,13159.11,14036.71,14471.6,14990.53,15181.52,1.6,29.0,29.8,26.8,28.1,28.5,28.1,27.9,29.2,27.8,24.6,525.0,441.0,1363.0,316.0,2645.0,544.0,438.0,1151.0,362.0,2495.0,1069.0,879.0,2514.0,678.0,5140.0,0.48,0.724,21.03,5.95,38.89,11.85,17.77,14.58,12.14,5.33
293,312640.0,Fortuna de Minas,8.48,92.3,98.0,100.0,97.4,97.9,97.2,96.7,96.0,97.4,100.0,100.0,100.0,100.0,100.0,100.0,100.0,100.0,100.0,54.91,79.83,92.45,90.13,90.2,89.52,88.94,88.33,97.37,3.65,5.14,5.55,4.73,5.34,5.83,43.75,30.21,26.33,22.87,21.69,20.77,7879.55,9081.66,9515.58,11720.51,11864.7,11386.08,11787.19,12360.28,12841.53,1.7,27.5,25.1,20.5,22.7,23.4,20.3,13.2,23.7,22.6,20.3,249.0,179.0,488.0,84.0,1000.0,294.0,221.0,439.0,111.0,1065.0,543.0,400.0,927.0,195.0,2065.0,0.41,0.696,37.46,10.46,61.73,21.1,11.58,12.09,9.95,7.61
305,312720.0,Funilândia,13.03,100.0,100.0,100.0,100.0,100.0,100.0,100.0,100.0,99.4,,100.0,,100.0,100.0,,100.0,97.73,72.85,56.53,58.74,64.1,65.96,69.49,49.28,51.7,52.24,53.29,12.34,12.37,13.08,12.75,12.08,11.74,40.61,37.91,33.17,36.49,37.96,41.04,6905.41,6971.6,8454.67,9577.23,10171.0,11159.27,11780.19,12081.84,12502.35,1.6,22.4,24.6,23.4,25.6,20.9,20.6,25.7,24.1,21.5,23.2,408.0,210.0,603.0,189.0,1410.0,529.0,258.0,418.0,172.0,1377.0,937.0,468.0,1021.0,361.0,2787.0,0.46,0.655,49.58,19.69,65.63,24.35,21.64,21.95,15.72,7.55
313,312760.0,Gouveia,8.49,100.0,100.0,100.0,100.0,100.0,100.0,100.0,100.0,100.0,100.0,100.0,100.0,100.0,97.03,,99.86,94.13,96.51,60.01,,90.0,97.09,97.02,,96.88,85.19,90.21,1.96,1.7,1.42,1.55,1.67,1.51,37.03,27.01,22.83,21.33,20.44,19.37,7965.54,7597.56,9073.41,10518.13,10494.24,11290.73,11603.39,10710.14,10951.65,1.5,21.5,19.1,21.9,24.1,22.0,20.1,20.9,21.4,22.7,20.1,1543.0,447.0,2208.0,509.0,4707.0,1435.0,630.0,1663.0,553.0,4281.0,2978.0,1077.0,3871.0,1062.0,8988.0,0.45,0.681,49.96,18.35,72.54,31.26,16.92,19.24,11.54,6.26
337,312980.0,Ibirité,5.96,100.0,100.0,100.0,100.0,100.0,84.5,84.6,84.1,83.6,100.0,100.0,99.23,97.57,99.23,99.23,90.64,91.77,91.54,75.74,79.67,83.61,83.55,86.93,66.64,68.37,68.86,69.34,2.11,1.6,1.06,0.9,1.1,2.09,37.11,24.07,21.49,22.2,21.47,20.16,8847.76,9282.99,9494.97,9814.84,10879.82,11153.5,11365.23,12230.28,12599.35,2.0,15.7,14.8,14.7,14.3,14.7,13.7,12.8,12.9,13.0,12.2,14986.0,8270.0,29645.0,7458.0,60359.0,13338.0,9718.0,26991.0,6820.0,56867.0,28324.0,17988.0,56636.0,14278.0,117226.0,0.42,0.704,31.5,11.12,45.24,16.39,11.27,13.28,11.73,7.66
341,313010.0,Igarapé,7.3,100.0,100.0,100.0,100.0,100.0,88.0,88.9,87.0,87.3,100.0,97.84,100.0,100.0,100.0,93.9,100.0,100.0,100.0,70.77,73.75,81.04,79.87,81.37,46.9,47.51,47.76,46.33,7.68,8.84,9.03,8.13,7.71,7.11,28.5,21.14,19.68,21.89,21.62,20.96,14706.26,22322.83,22598.66,28620.12,21678.92,15781.83,16653.59,15761.5,16245.12,1.9,23.6,25.6,24.5,26.3,24.0,23.4,21.7,21.2,20.3,19.1,3556.0,2046.0,6287.0,1109.0,12998.0,3734.0,2398.0,5482.0,1294.0,12908.0,7290.0,4444.0,11769.0,2403.0,25906.0,0.45,0.698,30.72,12.67,44.33,19.17,17.06,23.69,14.85,6.9
342,313020.0,Igaratinga,7.13,64.2,65.4,66.5,68.2,68.5,69.3,66.4,69.1,68.3,,,100.0,96.57,83.27,100.0,,,,,,100.0,95.56,,,,,,3.64,4.59,5.56,4.6,3.92,3.75,24.55,13.54,8.6,6.84,6.76,7.31,9406.1,10911.9,11787.11,13694.47,14575.4,16202.55,30881.15,32216.82,34889.03,1.7,39.9,46.0,47.3,46.4,46.4,45.8,43.1,43.7,42.0,38.5,1086.0,608.0,1234.0,468.0,3396.0,1274.0,866.0,837.0,646.0,3623.0,2360.0,1474.0,2071.0,1114.0,7019.0,0.37,0.651,22.54,5.06,36.22,9.61,10.87,9.83,7.04,2.31
352,313100.0,Inhaúma,8.65,,,100.0,97.0,99.7,99.8,99.2,98.5,,,,100.0,100.0,100.0,99.84,,,,,,46.54,45.59,46.06,45.72,44.18,46.08,,7.83,8.25,7.72,6.81,6.96,6.31,57.32,46.63,45.05,45.05,40.14,37.59,10103.29,11727.77,12465.34,13227.24,14578.06,13381.14,15402.71,15992.76,18064.01,1.8,32.0,32.6,28.2,30.9,28.9,27.7,26.6,24.3,25.7,23.1,541.0,181.0,1216.0,255.0,2193.0,675.0,307.0,917.0,308.0,2207.0,1216.0,488.0,2133.0,563.0,4400.0,0.44,0.702,36.08,9.63,53.35,16.43,12.44,11.05,9.44,6.92
353,313110.0,Inimutaba,12.33,100.0,100.0,100.0,100.0,100.0,95.6,95.7,94.7,95.2,100.0,,,100.0,100.0,100.0,100.0,100.0,,,,66.51,66.25,71.57,71.77,84.63,84.42,,1.91,1.63,1.84,1.49,1.11,1.15,41.7,35.09,31.16,28.12,27.15,26.67,8010.96,7874.55,7629.95,8610.12,7591.76,8561.21,11516.97,10643.33,9894.32,1.4,21.6,24.0,18.5,20.7,20.8,18.8,17.9,19.3,17.8,16.5,713.0,478.0,1129.0,313.0,2633.0,739.0,580.0,853.0,337.0,2509.0,1452.0,1058.0,1982.0,650.0,5142.0,0.42,0.664,46.4,15.03,70.31,27.91,13.28,11.6,9.56,7.62
362,313190.0,Itabirito,4.0,99.0,100.0,100.0,100.0,100.0,99.5,98.3,98.1,98.0,100.0,,100.0,100.0,100.0,100.0,100.0,100.0,100.0,84.15,83.92,83.46,80.0,89.53,88.51,85.25,86.72,91.33,1.07,1.48,2.18,2.36,3.34,4.47,18.23,9.96,10.87,10.76,10.38,9.81,41318.68,54556.02,60929.15,82824.88,76034.88,58674.8,55413.13,77544.63,97711.87,2.5,40.1,43.7,49.2,62.4,51.5,39.6,39.4,39.7,40.9,40.1,3671.0,2877.0,10093.0,1592.0,18233.0,2924.0,3076.0,9194.0,1960.0,17154.0,6595.0,5953.0,19287.0,3552.0,35387.0,0.47,0.73,17.36,3.55,28.83,6.17,12.81,12.98,11.06,7.32
365,313220.0,Itaguara,8.15,100.0,99.9,99.4,95.9,95.2,94.6,94.5,95.5,94.9,100.0,100.0,100.0,100.0,100.0,99.36,100.0,99.39,100.0,95.0,94.49,94.08,95.86,95.22,94.61,94.47,95.49,93.9,10.28,10.89,11.88,11.2,11.56,11.32,14.48,12.54,12.92,14.65,14.05,13.41,9242.9,11233.06,13635.69,13714.8,15252.69,16329.35,17709.67,20116.28,20690.42,1.7,25.2,29.2,28.7,30.4,31.7,31.1,30.1,31.3,31.8,30.0,1424.0,847.0,2145.0,383.0,4799.0,1798.0,1064.0,1622.0,454.0,4938.0,3222.0,1911.0,3767.0,837.0,9737.0,0.44,0.691,24.92,6.13,41.55,9.33,16.35,18.09,9.96,2.05
380,313370.0,Itatiaiuçu,9.62,100.0,100.0,100.0,100.0,100.0,100.0,100.0,100.0,99.5,,,,,,,,,,,,,,,,100.0,100.0,100.0,11.74,15.81,15.68,13.4,12.89,13.06,37.88,24.46,22.8,23.19,22.14,20.5,98177.11,151518.94,152869.88,159282.1,172425.38,68747.65,71001.09,87500.35,140310.7,3.4,49.9,63.3,53.1,52.7,44.9,37.2,29.9,36.6,38.3,38.7,1234.0,436.0,1542.0,441.0,3653.0,1338.0,731.0,1303.0,475.0,3847.0,2572.0,1167.0,2845.0,916.0,7500.0,0.4,0.677,31.71,7.55,49.36,13.72,14.35,13.32,8.43,6.46
382,313380.0,Itaúna,4.19,100.0,100.0,100.0,98.3,100.0,100.0,100.0,100.0,100.0,100.0,100.0,100.0,100.0,100.0,100.0,100.0,99.35,100.0,99.9,99.9,100.0,97.85,99.75,100.0,100.0,100.0,100.0,0.82,1.16,1.38,1.36,1.16,1.27,19.66,9.99,8.9,8.65,7.67,7.73,19408.53,22568.15,25039.27,26735.53,27527.28,26968.25,28451.83,32689.2,33505.85,2.2,39.5,41.5,41.5,42.2,41.2,39.3,37.8,38.9,39.5,36.0,7715.0,4551.0,19109.0,3219.0,34594.0,6631.0,5152.0,17577.0,3635.0,32995.0,14346.0,9703.0,36686.0,6854.0,67589.0,0.48,0.758,16.25,4.15,27.47,7.21,13.98,15.36,12.17,6.38
390,313460.0,Jaboticatubas,10.85,78.5,83.4,86.3,87.9,89.7,96.0,95.4,95.5,94.1,,,100.0,100.0,100.0,100.0,100.0,98.77,100.0,,,100.0,65.0,78.76,67.81,63.65,63.63,62.95,20.26,24.13,23.99,21.86,19.74,29.62,33.23,24.71,23.04,21.65,19.81,18.64,5750.73,6660.19,7335.53,8135.82,9108.5,9732.68,10330.18,10503.8,11070.98,1.9,14.7,17.4,16.2,16.8,16.9,17.7,15.8,17.4,16.6,15.6,2315.0,732.0,2843.0,513.0,6403.0,2597.0,1122.0,2077.0,876.0,6672.0,4912.0,1854.0,4920.0,1389.0,13075.0,0.57,0.681,36.93,14.84,57.47,26.29,18.35,20.18,20.03,4.93
401,313540.0,Jeceaba,8.07,100.0,84.5,88.6,100.0,100.0,100.0,100.0,100.0,100.0,100.0,100.0,100.0,100.0,100.0,100.0,100.0,100.0,100.0,100.0,84.52,88.56,100.0,91.68,100.0,100.0,100.0,100.0,1.57,1.44,1.46,1.31,1.41,1.59,34.48,27.45,26.56,24.67,22.66,22.07,23873.47,20495.55,49380.45,107700.39,135226.45,116020.02,113040.96,147937.98,204457.11,4.6,92.9,78.9,74.7,100.6,107.7,103.6,110.1,112.3,114.4,106.9,781.0,324.0,742.0,265.0,2112.0,832.0,340.0,711.0,284.0,2167.0,1613.0,664.0,1453.0,549.0,4279.0,0.47,0.661,42.37,22.76,53.42,30.04,12.0,16.17,25.66,6.29
405,313570.0,Jequitibá,9.76,100.0,100.0,100.0,100.0,100.0,83.7,85.9,87.1,90.3,,,100.0,78.47,100.0,100.0,98.81,,90.68,,,80.78,78.47,78.64,78.6,81.52,,,14.42,14.33,13.45,11.63,11.52,11.44,44.21,36.75,37.08,33.95,32.52,30.82,13653.41,13068.16,14587.92,15719.18,16209.67,16840.48,19588.81,16770.46,17299.47,1.6,32.3,27.9,29.1,28.3,26.8,28.7,24.7,24.7,26.7,23.2,798.0,206.0,737.0,210.0,1951.0,867.0,341.0,575.0,269.0,2052.0,1665.0,547.0,1312.0,479.0,4003.0,0.78,0.689,45.62,16.79,68.36,29.63,15.61,24.2,51.44,4.6
417,313665.0,Juatuba,8.57,100.0,100.0,100.0,100.0,100.0,96.2,93.2,90.9,88.6,,,,,,,100.0,89.99,90.0,54.25,56.45,56.99,55.87,59.73,30.32,30.24,31.05,32.35,3.66,2.68,2.29,2.17,2.37,2.15,33.91,30.15,30.3,30.93,28.04,27.56,36300.76,35893.86,35124.01,37198.33,41299.54,45053.2,42659.99,46472.37,45494.8,2.7,38.0,38.7,41.3,40.3,39.1,36.7,34.0,36.9,35.7,31.3,1987.0,1156.0,4209.0,919.0,8271.0,1719.0,1569.0,4028.0,895.0,8211.0,3706.0,2725.0,8237.0,1814.0,16482.0,0.47,0.717,38.07,11.92,54.61,16.57,,23.15,13.97,8.53
429,313760.0,Lagoa Santa,4.7,100.0,100.0,100.0,100.0,100.0,93.7,94.4,93.6,93.9,100.0,,100.0,99.49,100.0,100.0,100.0,100.0,99.24,47.04,49.9,48.16,49.81,60.72,41.15,43.85,44.81,49.15,4.5,4.1,3.74,3.69,3.74,3.59,14.99,12.89,11.78,12.12,11.15,11.1,18710.24,20448.34,22356.07,24627.94,28351.08,27869.13,32337.62,26905.53,26018.35,2.6,36.2,37.4,33.1,37.2,36.8,37.4,35.9,35.4,34.6,35.1,3616.0,2289.0,12854.0,2017.0,20776.0,3432.0,2569.0,11672.0,1912.0,19585.0,7048.0,4858.0,24526.0,3929.0,40361.0,0.58,0.777,19.13,5.31,30.97,9.3,26.76,21.44,20.4,5.49
434,313810.0,Lassance,15.06,,100.0,100.0,100.0,100.0,100.0,100.0,100.0,,,,,100.0,100.0,,,,,,0.0,0.0,0.0,0.0,0.0,0.0,0.0,,2.48,3.24,3.11,2.94,3.35,3.39,69.57,61.05,51.94,48.29,45.49,43.44,12235.0,14398.43,14593.61,15483.72,17308.57,14973.58,13655.47,16800.76,19381.14,1.9,26.3,26.1,23.8,32.2,32.1,32.4,31.6,33.8,37.7,35.1,652.0,496.0,809.0,314.0,2271.0,786.0,588.0,721.0,310.0,2405.0,1438.0,1084.0,1530.0,624.0,4676.0,0.45,0.629,51.94,18.32,71.79,27.93,10.45,35.26,12.17,8.98
436,313830.0,Leandro Ferreira,,,,,,,,,,,,,,,,,,,,,,,,,,,,,,,,,,,,,,,,,,,,,,,,,,,,,,,,,,,,,342.0,198.0,499.0,162.0,1201.0,432.0,265.0,360.0,206.0,1263.0,774.0,463.0,859.0,368.0,2464.0,0.46,0.71,23.09,6.67,43.22,13.55,18.18,11.76,10.69,2.89
446,313880.0,Luz,8.07,100.0,100.0,100.0,100.0,100.0,94.6,94.3,93.9,94.9,100.0,,100.0,96.79,100.0,100.0,100.0,100.0,100.0,100.0,100.0,100.0,100.0,99.53,99.81,99.5,0.0,0.0,0.38,0.24,0.28,0.59,0.98,1.25,34.69,17.75,11.45,11.54,10.63,10.96,13895.2,16000.67,17785.25,20888.93,23021.24,23620.97,23426.97,26471.15,27700.42,1.9,26.5,28.3,30.3,31.5,32.1,32.7,30.7,30.8,30.1,28.7,1622.0,1050.0,3470.0,823.0,6965.0,1757.0,1243.0,2929.0,858.0,6787.0,3379.0,2293.0,6399.0,1681.0,13752.0,0.5,0.724,22.03,5.87,37.93,11.09,32.37,27.04,12.26,5.75
457,313970.0,Maravilhas,8.36,100.0,100.0,100.0,100.0,100.0,97.2,99.7,98.3,99.7,,,,100.0,100.0,100.0,100.0,100.0,100.0,,,98.08,,,100.0,100.0,100.0,99.98,0.53,0.56,0.85,1.14,0.8,0.46,50.97,40.29,37.01,33.59,30.2,28.28,10538.72,11366.42,11930.09,14945.9,14672.84,12086.05,14427.88,14631.52,17799.36,1.5,27.4,27.9,31.3,28.3,25.9,26.9,24.2,24.9,25.5,24.0,655.0,404.0,1282.0,372.0,2713.0,826.0,676.0,817.0,429.0,2748.0,1481.0,1080.0,2099.0,801.0,5461.0,0.39,0.672,36.04,8.29,55.84,13.16,23.46,13.39,7.8,7.87
461,314015.0,Mário Campos,8.12,100.0,100.0,100.0,100.0,100.0,100.0,100.0,98.7,97.7,,,100.0,100.0,99.57,100.0,100.0,100.0,100.0,,,41.24,39.42,39.43,44.17,46.47,63.59,65.46,1.59,1.93,1.77,2.0,1.99,2.04,32.88,19.16,20.73,24.64,22.06,19.49,5618.53,6544.75,7424.13,8745.61,9783.01,10005.15,10439.17,10335.59,10246.91,1.6,12.0,13.7,12.6,15.0,15.8,15.1,14.5,14.4,13.1,12.4,1358.0,747.0,2274.0,486.0,4865.0,1289.0,799.0,2065.0,722.0,4875.0,2647.0,1546.0,4339.0,1208.0,9740.0,0.46,0.699,33.37,11.13,49.05,18.15,,11.87,12.81,8.55
465,314050.0,Martinho Campos,8.94,100.0,100.0,100.0,100.0,100.0,94.5,93.6,92.9,93.6,,,100.0,,,,,100.0,100.0,74.81,99.86,49.08,52.12,63.74,46.66,46.8,46.85,49.56,3.48,3.74,3.25,2.86,2.89,3.16,31.49,23.08,20.07,19.04,17.18,17.87,12395.29,13798.32,16883.5,15540.61,18101.62,19055.52,22389.73,23877.85,25038.2,1.7,46.0,46.3,43.2,44.7,44.4,40.5,39.9,41.3,43.0,39.8,1545.0,784.0,1955.0,549.0,4833.0,1832.0,854.0,1527.0,679.0,4892.0,3377.0,1638.0,3482.0,1228.0,9725.0,0.44,0.669,28.09,9.43,47.42,16.61,13.89,15.68,11.43,6.33
469,314070.0,Mateus Leme,7.83,100.0,100.0,100.0,100.0,100.0,81.1,78.8,76.8,76.9,100.0,79.01,100.0,72.25,,80.0,81.62,62.55,62.31,74.52,77.49,80.07,78.94,79.71,43.58,42.87,42.71,44.49,9.75,9.8,8.92,9.44,10.66,10.69,20.27,20.21,20.57,22.01,22.07,21.73,14501.99,15736.96,15296.55,19031.37,18523.67,17769.66,18747.27,22575.96,22650.53,1.8,30.9,33.4,41.2,34.8,33.2,29.8,28.3,31.1,29.0,25.4,2941.0,1299.0,5177.0,1282.0,10699.0,2890.0,1626.0,4524.0,1278.0,10318.0,5831.0,2925.0,9701.0,2560.0,21017.0,0.49,0.704,37.86,14.29,60.52,22.87,14.29,17.27,19.69,6.89
475,314110.0,Matozinhos,5.7,100.0,100.0,100.0,100.0,100.0,92.9,92.1,90.4,90.4,,,,100.0,,100.0,100.0,100.0,,87.32,89.4,83.59,83.06,86.78,64.08,62.69,63.65,64.27,1.8,1.82,1.83,1.61,1.44,1.44,28.97,21.38,18.79,19.99,19.24,19.64,20436.98,21663.88,25067.34,24701.16,27030.62,26405.12,25287.05,26880.01,27209.92,1.9,41.1,44.7,44.8,43.6,44.7,39.7,36.4,37.8,40.6,36.8,2452.0,2057.0,7515.0,1341.0,13365.0,2476.0,2165.0,6575.0,1396.0,12612.0,4928.0,4222.0,14090.0,2737.0,25977.0,0.43,0.731,25.04,7.11,37.59,10.9,14.38,14.53,9.61,9.95
488,314230.0,Moeda,8.18,100.0,100.0,100.0,100.0,100.0,95.5,96.9,98.4,100.0,,,100.0,,100.0,100.0,,,,,,,,,,,,,5.16,2.8,2.57,1.7,1.51,1.13,40.64,31.54,31.29,30.36,29.51,28.97,6518.67,7468.77,7066.98,10121.72,11182.24,10008.56,11266.55,11904.9,11827.8,1.7,15.2,16.2,16.4,17.5,20.8,18.5,18.0,18.1,19.7,17.8,694.0,294.0,617.0,201.0,1806.0,601.0,384.0,538.0,283.0,1806.0,1295.0,678.0,1155.0,484.0,3612.0,0.43,0.638,36.43,9.04,59.38,18.29,11.98,10.83,9.24,4.3
489,314240.0,Moema,6.5,,,,,,,93.3,100.0,100.0,,,,97.98,100.0,98.42,93.25,89.69,,,,,,,,77.71,91.77,92.33,2.43,2.95,3.09,2.07,2.46,2.54,45.26,32.76,28.77,25.56,21.71,20.95,6420.44,7545.3,8630.68,9655.48,10310.71,10992.23,13080.02,14211.16,15042.17,1.7,15.7,15.8,16.8,20.1,20.3,19.4,17.4,18.9,19.8,17.9,561.0,403.0,1433.0,293.0,2690.0,683.0,614.0,1109.0,359.0,2765.0,1244.0,1017.0,2542.0,652.0,5455.0,0.38,0.721,17.63,2.92,32.83,4.92,9.55,12.01,7.48,3.31
490,314250.0,Monjolos,15.98,66.9,68.1,71.5,73.3,75.2,46.1,46.9,46.1,47.8,,,,,,,100.0,,,,,,,,,,,,44.2,45.56,48.05,38.72,32.49,20.82,35.62,35.02,30.41,26.26,24.42,23.24,7807.36,8278.01,8914.47,10380.22,11335.03,11984.02,14012.62,17743.63,12568.7,2.1,17.4,19.1,18.6,19.9,22.9,22.9,20.7,23.5,25.1,21.0,269.0,145.0,407.0,49.0,870.0,324.0,207.0,284.0,78.0,893.0,593.0,352.0,691.0,127.0,1763.0,0.48,0.65,55.27,17.84,72.76,28.6,14.79,32.49,11.14,8.67
502,314350.0,Morada Nova de Minas,9.29,100.0,100.0,100.0,100.0,100.0,92.6,92.3,91.7,92.8,100.0,92.36,,100.0,98.5,97.91,,,97.35,,,,,,31.29,37.5,38.93,41.51,1.35,0.71,0.4,0.52,0.76,0.63,36.25,24.47,15.63,14.25,11.82,9.17,11278.37,13176.88,17034.87,19210.93,20092.03,24078.78,29232.41,30740.5,35287.53,1.6,26.7,28.7,34.3,34.2,34.4,34.5,33.6,34.2,34.0,32.8,995.0,454.0,1444.0,195.0,3088.0,1237.0,607.0,1108.0,277.0,3229.0,2232.0,1061.0,2552.0,472.0,6317.0,0.45,0.696,28.49,6.88,45.87,10.68,16.66,16.34,10.72,3.0
503,314360.0,Morro da Garça,10.62,100.0,100.0,100.0,100.0,100.0,94.2,94.1,92.3,94.7,100.0,100.0,,,,,,,,81.01,81.71,,,,,,,,8.42,8.65,8.73,8.02,7.24,6.4,43.77,33.63,30.25,25.38,22.75,21.08,13950.44,14205.95,15120.71,17825.96,17995.58,56885.06,64631.93,18213.55,18698.73,1.3,33.5,28.2,23.1,29.2,27.4,27.6,28.9,29.5,29.5,25.5,352.0,102.0,411.0,118.0,983.0,420.0,119.0,349.0,135.0,1023.0,772.0,221.0,760.0,253.0,2006.0,0.46,0.648,55.86,15.37,76.65,22.89,11.25,19.06,10.63,6.36
519,314480.0,Nova Lima,2.88,100.0,100.0,100.0,100.0,100.0,95.6,95.8,95.2,94.8,100.0,100.0,100.0,100.0,100.0,100.0,100.0,100.0,100.0,11.64,14.9,18.26,23.44,28.6,18.74,20.28,20.48,20.22,1.64,1.74,2.15,2.76,3.45,4.49,7.39,5.35,5.46,6.17,6.92,7.71,66318.77,84958.74,94879.48,109443.14,103257.53,81073.53,86179.55,98910.49,111562.61,3.3,56.0,69.4,80.0,75.1,74.9,67.0,65.9,60.1,72.5,78.7,5541.0,3932.0,21372.0,2678.0,33523.0,4229.0,4283.0,19673.0,2656.0,30841.0,9770.0,8215.0,41045.0,5334.0,64364.0,0.68,0.813,15.29,4.35,26.84,7.54,18.12,24.1,33.38,4.97
524,314520.0,Nova Serrana,4.82,99.6,100.0,100.0,100.0,100.0,88.1,91.3,89.9,86.9,,,100.0,,,,100.0,100.0,96.68,94.69,96.98,100.0,100.0,100.0,84.6,87.52,86.26,83.23,3.83,4.41,4.46,2.98,2.78,2.98,9.77,4.96,3.55,3.25,3.42,4.05,13707.68,15769.03,18816.57,19448.39,21064.52,21320.92,22767.27,27494.76,23734.99,1.6,48.1,46.5,46.8,45.5,42.6,38.4,40.1,39.5,36.4,33.4,5361.0,4898.0,13645.0,2811.0,26715.0,6466.0,6399.0,12197.0,3466.0,28528.0,11827.0,11297.0,25842.0,6277.0,55243.0,0.35,0.715,12.55,4.25,19.99,6.59,9.66,17.93,6.78,2.04
534,314580.0,Onça de Pitangui,,,,,,,,,,,,,,,,,,,,,,,,,,,,,,,,,,,,,,,,,,,,,,,,,,,,,,,,,,,,,490.0,117.0,394.0,73.0,1074.0,577.0,139.0,378.0,85.0,1179.0,1067.0,256.0,772.0,158.0,2253.0,0.44,0.663,37.39,15.26,62.38,25.88,9.95,12.3,10.42,3.23
539,314610.0,Ouro Preto,5.02,89.3,88.9,88.5,88.6,88.6,88.2,87.8,94.1,95.8,100.0,100.0,100.0,90.0,90.0,90.0,,100.0,100.0,69.44,69.14,68.85,66.83,66.82,66.52,66.23,66.61,67.82,1.26,1.11,1.05,0.98,0.78,0.68,32.36,21.38,19.33,17.47,15.88,15.28,52883.39,77705.59,80103.69,91668.03,79061.04,52924.88,40963.47,62245.07,92319.75,3.1,32.7,36.9,43.1,42.7,40.2,35.3,36.8,33.8,33.2,31.0,4392.0,3923.0,16940.0,3086.0,28341.0,4087.0,4605.0,14554.0,2872.0,26118.0,8479.0,8528.0,31494.0,5958.0,54459.0,0.5,0.741,26.17,8.82,44.18,16.25,22.1,19.62,15.89,7.88
544,314640.0,Paineiras,10.96,100.0,100.0,100.0,100.0,100.0,92.9,93.3,92.6,94.7,,,,,,,,,,,,,,,,,,,2.0,2.86,2.65,2.02,1.43,1.66,34.58,17.48,16.14,16.92,17.54,18.99,8041.77,8540.51,10023.76,11511.36,10986.01,11357.21,12230.4,12850.68,13179.96,1.7,19.3,21.5,21.3,19.5,19.7,18.8,17.7,17.6,17.6,14.6,609.0,335.0,694.0,222.0,1860.0,686.0,403.0,506.0,280.0,1875.0,1295.0,738.0,1200.0,502.0,3735.0,0.46,0.669,30.9,5.46,51.33,9.25,14.95,13.14,10.91,3.38
549,314690.0,Papagaios,9.29,99.5,99.1,100.0,100.0,100.0,100.0,100.0,100.0,100.0,,,,,,,,100.0,100.0,94.52,96.43,97.36,97.31,100.0,100.0,100.0,100.0,100.0,7.58,8.54,9.24,9.15,8.24,7.4,36.92,27.02,23.27,19.86,20.61,20.65,11317.38,11967.86,12433.8,13113.7,13975.55,14306.66,14718.04,16126.36,16687.48,1.6,32.6,31.1,28.8,30.8,30.9,30.3,29.4,28.6,29.7,28.2,1286.0,702.0,2467.0,615.0,5070.0,1624.0,895.0,1930.0,781.0,5230.0,2910.0,1597.0,4397.0,1396.0,10300.0,0.49,0.666,45.44,15.49,65.11,24.54,17.67,22.24,12.7,5.77
550,314710.0,Pará de Minas,3.9,100.0,100.0,100.0,100.0,100.0,95.4,98.2,98.7,99.4,,,100.0,100.0,100.0,100.0,100.0,100.0,100.0,100.0,100.0,100.0,100.0,100.0,90.35,97.37,97.9,98.4,1.44,1.22,1.4,1.45,1.25,1.29,13.55,9.11,7.58,8.48,8.41,8.63,18718.98,20267.61,22507.32,24329.45,25921.98,26095.22,27067.13,29605.98,31080.7,2.0,39.7,42.5,43.1,44.1,45.0,43.5,40.6,40.8,41.3,39.2,7401.0,5101.0,17801.0,3230.0,33533.0,7199.0,6210.0,14737.0,3589.0,31735.0,14600.0,11311.0,32538.0,6819.0,65268.0,0.43,0.725,19.76,3.92,34.85,6.69,16.63,18.09,9.38,4.92
554,314740.0,Paraopeba,6.11,100.0,100.0,100.0,100.0,100.0,92.8,93.7,92.1,92.4,,93.39,100.0,100.0,85.99,95.19,100.0,100.0,100.0,80.0,79.41,78.84,89.34,100.0,99.47,98.8,98.65,,5.22,5.17,4.48,4.66,5.25,5.22,33.22,25.78,22.76,20.04,18.65,17.96,12826.21,13776.59,15964.03,17190.08,18123.57,18406.9,21599.43,23148.0,30668.71,2.1,33.3,37.1,39.2,35.5,36.1,32.7,31.9,33.0,44.2,41.5,1880.0,1414.0,4556.0,865.0,8715.0,1914.0,1733.0,3573.0,1065.0,8285.0,3794.0,3147.0,8129.0,1930.0,17000.0,0.45,0.694,32.12,12.52,48.87,22.06,13.54,16.2,12.43,8.7
576,314930.0,Pedro Leopoldo,5.31,100.0,100.0,100.0,100.0,100.0,100.0,100.0,100.0,100.0,,,,100.0,88.84,100.0,74.18,100.0,100.0,82.48,83.02,84.01,82.95,83.55,58.81,63.43,68.8,71.73,1.88,1.99,1.85,2.04,2.25,2.77,19.48,13.77,13.07,12.76,11.32,11.12,19335.87,23197.76,24808.03,25816.72,25330.23,23781.73,22509.15,22521.94,22303.14,2.2,38.1,42.0,41.7,40.1,39.4,36.9,33.5,32.1,33.0,30.7,4163.0,3335.0,14016.0,2112.0,23626.0,4351.0,3206.0,12291.0,2249.0,22097.0,8514.0,6541.0,26307.0,4361.0,45723.0,0.47,0.757,21.86,5.9,34.75,11.49,20.58,18.65,12.0,8.59
579,314960.0,Pequi,8.31,,,,,,,100.0,100.0,100.0,,,100.0,100.0,100.0,100.0,100.0,100.0,100.0,,,,,,,74.88,74.43,74.69,4.36,6.51,6.96,6.09,5.2,4.33,38.04,26.98,26.39,26.96,28.8,27.85,7582.33,8767.03,9281.9,11796.31,12595.25,12563.45,13044.3,13735.14,13657.31,1.8,15.2,18.7,22.8,24.1,25.5,19.7,20.2,18.6,19.0,16.3,363.0,326.0,772.0,144.0,1605.0,406.0,450.0,513.0,209.0,1578.0,769.0,776.0,1285.0,353.0,3183.0,0.43,0.674,32.71,8.16,52.14,12.84,15.56,24.6,9.21,4.53
589,315040.0,Piedade dos Gerais,14.73,100.0,100.0,100.0,100.0,100.0,100.0,100.0,100.0,100.0,,,,,100.0,99.42,98.85,98.33,98.85,,,,,,,,,,12.12,12.68,12.32,11.55,10.62,10.28,50.18,44.55,41.85,39.0,33.82,30.63,5828.24,6945.13,7812.46,8783.12,9095.1,11519.53,13603.26,12476.18,13024.59,1.6,9.0,9.8,8.5,12.1,11.4,12.0,12.4,12.2,11.5,10.6,754.0,286.0,539.0,176.0,1755.0,826.0,493.0,383.0,200.0,1902.0,1580.0,779.0,922.0,376.0,3657.0,0.48,0.626,42.14,16.08,65.08,28.47,9.24,12.96,13.89,3.56
601,315140.0,Pitangui,6.13,100.0,100.0,100.0,100.0,100.0,91.0,90.5,90.2,91.0,,,93.55,100.0,100.0,100.0,100.0,94.89,100.0,,97.01,99.2,98.48,97.6,99.47,98.71,97.96,99.64,2.93,2.96,2.7,2.41,2.31,1.96,21.4,17.87,16.98,17.09,16.31,15.99,9921.13,11357.21,11827.31,13576.21,14844.54,14838.44,14899.15,18404.24,18990.87,1.7,25.0,26.2,25.1,25.3,25.2,25.1,23.2,22.6,23.1,21.1,2219.0,1391.0,5195.0,1056.0,9861.0,2138.0,1744.0,4212.0,1331.0,9425.0,4357.0,3135.0,9407.0,2387.0,19286.0,0.47,0.725,24.15,7.45,40.35,13.01,14.53,14.98,12.15,5.59
607,315200.0,Pompéu,9.61,100.0,100.0,100.0,100.0,100.0,88.5,88.2,87.5,87.6,100.0,100.0,100.0,100.0,100.0,100.0,90.0,95.0,100.0,87.52,,,100.0,,100.0,88.2,91.9,93.98,6.13,6.88,6.86,7.0,6.87,6.53,31.81,23.25,20.44,18.25,16.01,16.09,12059.37,14192.25,14556.84,16441.76,18156.18,19758.67,21514.21,23149.53,24764.51,1.9,27.5,28.1,27.7,27.6,27.9,26.8,25.4,25.3,25.3,23.5,3431.0,898.0,5181.0,1347.0,10857.0,3607.0,1384.0,4278.0,1558.0,10827.0,7038.0,2282.0,9459.0,2905.0,21684.0,0.52,0.689,36.76,9.19,54.5,13.88,15.84,25.82,15.24,6.15
621,315320.0,Presidente Juscelino,19.64,100.0,100.0,100.0,100.0,100.0,100.0,100.0,100.0,100.0,,,,100.0,100.0,100.0,100.0,,,,,100.0,97.95,98.81,100.0,,100.0,100.0,3.96,3.53,3.53,3.09,2.64,2.65,58.72,42.49,35.95,27.34,24.43,24.25,6476.12,7905.28,8218.36,11935.43,11753.64,11157.02,11891.95,11105.09,12331.82,1.6,18.1,19.3,16.9,18.2,19.1,18.9,19.0,19.4,20.0,16.9,596.0,140.0,517.0,166.0,1419.0,698.0,246.0,374.0,233.0,1551.0,1294.0,386.0,891.0,399.0,2970.0,0.41,0.614,50.23,19.86,69.22,34.5,17.05,21.99,10.81,5.62
624,315360.0,Prudente de Morais,6.51,,100.0,100.0,100.0,100.0,95.4,91.0,86.7,86.9,,,100.0,100.0,100.0,100.0,100.0,100.0,100.0,,18.61,21.72,23.82,37.11,31.59,38.34,37.38,52.82,1.63,1.5,1.22,1.41,1.41,2.07,30.63,26.71,26.03,21.59,20.48,20.21,7243.1,8819.39,9824.25,12417.68,13567.41,12556.32,12654.64,13668.51,13915.92,2.1,17.5,21.3,18.7,19.9,21.2,19.3,16.2,17.5,17.0,17.1,789.0,613.0,1983.0,406.0,3791.0,845.0,643.0,1595.0,409.0,3492.0,1634.0,1256.0,3578.0,815.0,7283.0,0.42,0.69,34.07,11.53,49.08,19.34,15.16,14.89,10.26,10.71
625,315370.0,Quartel Geral,12.02,100.0,100.0,100.0,100.0,100.0,86.7,87.2,86.7,86.9,,,100.0,96.42,100.0,100.0,100.0,100.0,100.0,,,,,,,,,0.0,0.96,0.6,0.72,0.8,0.56,1.15,46.45,31.7,24.71,22.57,19.23,18.07,9741.98,10224.32,11305.15,11634.46,11873.04,11720.73,13455.66,14232.93,15349.08,1.5,22.0,25.9,19.3,19.1,20.5,18.4,16.5,19.4,18.3,17.2,415.0,167.0,509.0,134.0,1225.0,491.0,145.0,445.0,173.0,1254.0,906.0,312.0,954.0,307.0,2479.0,0.45,0.683,34.45,11.43,51.66,15.74,11.61,22.98,13.94,3.7
627,315390.0,Raposos,5.01,100.0,100.0,100.0,100.0,100.0,91.3,90.2,89.1,89.6,,,100.0,98.5,100.0,100.0,100.0,100.0,,93.0,94.87,93.97,93.7,95.93,74.02,74.25,71.77,76.95,0.35,0.31,0.45,0.55,0.86,1.01,30.05,12.49,9.88,10.05,10.22,9.69,4263.48,5005.09,6317.66,7967.95,8583.83,8675.15,11372.1,18189.7,11291.86,1.6,6.9,9.4,7.5,8.0,9.0,8.4,6.8,8.1,8.1,8.4,1395.0,840.0,3387.0,673.0,6295.0,1072.0,980.0,3117.0,506.0,5675.0,2467.0,1820.0,6504.0,1179.0,11970.0,0.52,0.73,27.63,7.05,42.37,12.39,9.81,10.92,12.61,7.24
636,315460.0,Ribeirão das Neves,6.31,100.0,100.0,100.0,100.0,100.0,87.0,85.6,84.8,84.2,,,100.0,100.0,,,100.0,96.49,100.0,74.14,80.04,82.52,89.18,93.06,67.2,67.85,66.91,69.37,3.78,3.83,3.78,3.65,3.55,3.37,28.74,20.57,17.92,17.05,16.56,17.83,5849.66,6725.48,8291.9,9103.18,10333.57,10754.25,11108.71,11725.48,12392.14,1.9,13.8,12.8,10.9,12.3,12.3,12.7,12.1,11.9,11.0,10.7,28888.0,16856.0,53141.0,12453.0,111338.0,25173.0,19117.0,46380.0,13106.0,103776.0,54061.0,35973.0,99521.0,25559.0,215114.0,0.39,0.684,32.25,10.35,48.48,16.31,10.91,12.38,9.66,7.72
638,315480.0,Rio Acima,7.16,,,99.6,95.5,95.8,,,,,100.0,,100.0,100.0,100.0,,100.0,100.0,,,,99.58,95.51,23.32,,,,,0.93,0.5,0.46,0.57,0.6,0.72,17.77,18.0,19.56,16.71,14.63,13.37,17921.44,21149.77,19926.12,20989.25,19784.03,13555.86,13573.95,13005.59,18719.75,2.3,30.3,28.6,25.1,29.8,26.5,22.3,19.5,24.4,24.1,19.4,882.0,718.0,1488.0,522.0,3610.0,788.0,831.0,1311.0,507.0,3437.0,1670.0,1549.0,2799.0,1029.0,7047.0,0.47,0.673,29.7,8.73,45.96,16.61,9.55,11.09,11.35,6.05
643,315530.0,Rio Manso,11.58,100.0,100.0,100.0,100.0,100.0,100.0,100.0,100.0,99.8,100.0,100.0,100.0,100.0,100.0,99.44,,100.0,90.91,,,,,,,,,,17.51,18.84,18.12,18.8,20.89,21.64,28.3,22.37,20.24,21.29,20.39,18.42,8491.86,9494.75,10655.77,10926.52,11486.08,12173.05,14235.78,14028.44,14769.81,1.6,11.6,13.4,13.1,13.3,13.1,14.8,12.5,14.0,13.7,13.5,782.0,313.0,699.0,192.0,1986.0,986.0,503.0,473.0,239.0,2201.0,1768.0,816.0,1172.0,431.0,4187.0,0.43,0.648,29.44,6.15,51.31,12.45,11.63,10.8,9.07,2.72
658,315670.0,Sabará,4.96,100.0,100.0,100.0,100.0,100.0,88.5,85.6,85.1,83.6,100.0,96.86,100.0,99.75,98.0,98.0,100.0,99.44,99.84,80.0,,100.0,93.08,91.87,67.04,65.71,65.13,67.2,4.56,4.8,5.11,5.12,5.23,5.33,24.09,17.26,16.41,16.42,15.38,14.64,10749.43,12284.53,13686.86,15180.45,15955.51,16366.2,17178.69,18571.19,21561.12,2.4,16.7,18.8,16.4,18.8,18.9,19.0,19.4,19.3,22.1,19.5,10541.0,6884.0,28400.0,4737.0,50562.0,8517.0,6889.0,24853.0,4916.0,45175.0,19058.0,13773.0,53253.0,9653.0,95737.0,0.45,0.731,28.67,10.16,45.65,15.17,17.19,15.44,13.86,7.43
663,315720.0,Santa Bárbara,5.8,100.0,100.0,100.0,100.0,100.0,81.9,81.5,81.2,80.7,100.0,,,100.0,,,100.0,100.0,99.62,,79.85,,98.94,98.51,97.77,99.37,98.91,99.94,0.64,0.59,0.61,0.52,0.46,0.44,24.95,24.98,24.93,27.62,26.8,25.95,9114.4,14346.64,22750.35,23766.06,23950.35,23126.46,23628.29,24968.72,26833.95,2.5,28.2,32.2,32.2,30.5,30.2,28.4,27.9,27.5,26.1,24.2,2429.0,1470.0,5957.0,1152.0,11008.0,2040.0,1874.0,5291.0,1037.0,10242.0,4469.0,3344.0,11248.0,2189.0,21250.0,0.47,0.707,34.28,12.66,54.93,21.3,15.66,19.95,14.1,11.12
674,315780.0,Santa Luzia,4.79,100.0,100.0,100.0,100.0,100.0,84.8,83.3,80.9,79.7,98.15,89.94,98.27,99.81,98.0,99.28,99.28,99.87,100.0,90.13,90.97,91.75,89.89,91.98,67.3,67.1,66.76,67.67,2.91,3.01,3.06,3.42,3.7,3.12,26.68,20.51,19.19,21.02,22.74,22.77,10979.47,11878.51,12910.11,14814.38,15083.56,15004.28,15180.67,17298.31,18272.1,2.2,21.3,23.2,17.4,17.4,17.2,16.4,16.1,16.0,16.4,15.6,18395.0,10596.0,42497.0,7957.0,79445.0,15854.0,11794.0,36636.0,8063.0,72347.0,34249.0,22390.0,79133.0,16020.0,151792.0,0.43,0.715,28.78,10.29,44.05,15.99,11.74,14.69,12.03,7.16
689,315850.0,Santana de Pirapama,17.76,,,100.0,,99.3,100.0,100.0,100.0,100.0,,,,,,,100.0,100.0,100.0,,,79.99,,99.26,92.79,,100.0,100.0,27.0,33.2,35.32,34.8,34.34,34.77,46.52,36.92,34.28,29.03,26.88,26.72,7262.38,7825.57,7916.59,9011.79,10188.82,10056.89,11573.2,10461.93,10945.27,1.6,8.4,9.3,8.6,8.0,9.2,12.3,9.8,9.5,9.2,8.1,1274.0,235.0,1027.0,424.0,2960.0,1461.0,459.0,752.0,533.0,3205.0,2735.0,694.0,1779.0,957.0,6165.0,0.42,0.628,46.69,15.67,68.53,26.28,20.64,20.6,9.92,1.58
695,315900.0,Santana do Riacho,15.38,100.0,100.0,100.0,100.0,100.0,100.0,100.0,100.0,100.0,,,,100.0,97.5,,,,,,,,,,,,,,12.04,12.52,9.9,7.49,6.89,7.06,52.67,46.48,44.38,41.45,39.24,36.3,7456.72,8247.83,9341.67,9860.83,11250.35,11895.03,14144.53,14242.0,14824.43,1.6,17.0,20.1,19.8,18.9,23.0,23.2,23.5,26.5,26.6,24.3,568.0,192.0,619.0,160.0,1539.0,562.0,277.0,509.0,191.0,1539.0,1130.0,469.0,1128.0,351.0,3078.0,0.5,0.665,53.46,21.29,72.92,30.41,14.62,30.95,21.11,1.78
702,316040.0,Santo Antônio do Monte,6.4,100.0,100.0,100.0,100.0,100.0,96.4,96.2,96.0,97.0,100.0,100.0,100.0,100.0,100.0,100.0,100.0,99.37,,100.0,100.0,100.0,100.0,100.0,92.13,92.5,92.44,93.66,0.61,0.88,1.04,1.17,1.15,1.23,13.6,14.54,12.22,11.81,9.8,8.49,10054.24,11569.81,14446.22,14957.48,15595.12,16080.75,17512.02,18817.19,20489.23,1.6,29.7,31.0,33.0,34.2,32.2,30.6,28.3,29.5,27.9,25.3,2222.0,1331.0,5319.0,1020.0,9892.0,2650.0,1941.0,4234.0,1237.0,10062.0,4872.0,3272.0,9553.0,2257.0,19954.0,0.49,0.724,18.69,2.59,31.63,4.49,14.97,11.23,10.87,2.07
705,316060.0,Santo Hipólito,16.76,100.0,100.0,100.0,100.0,100.0,87.8,87.7,86.8,88.1,100.0,93.02,100.0,100.0,100.0,,100.0,,,,,,,,,,,,1.36,1.36,1.22,1.37,1.44,1.5,54.42,47.73,43.12,39.58,37.09,34.63,10588.95,10921.89,9425.53,10454.12,10985.22,11744.85,12045.08,10458.18,11503.3,1.8,20.4,23.4,17.0,17.0,16.6,16.3,15.5,15.6,18.1,15.6,444.0,203.0,446.0,108.0,1201.0,392.0,296.0,374.0,145.0,1207.0,836.0,499.0,820.0,253.0,2408.0,0.54,0.657,53.39,16.02,72.36,24.69,16.12,31.72,14.02,6.33
719,316170.0,São Gonçalo do Abaeté,11.84,100.0,100.0,100.0,100.0,100.0,85.7,83.8,82.7,81.6,100.0,100.0,99.04,100.0,100.0,100.0,100.0,97.95,89.67,,100.0,,89.47,89.86,71.8,72.23,71.33,76.38,3.66,3.27,2.77,2.54,1.07,0.89,37.81,30.5,26.36,26.26,24.63,20.84,19179.23,20087.1,21048.59,25869.75,24471.34,25940.84,30669.95,30602.15,32932.42,1.8,32.0,27.7,29.5,32.0,31.2,30.8,31.5,32.3,36.2,24.0,647.0,372.0,932.0,230.0,2181.0,842.0,480.0,786.0,282.0,2390.0,1489.0,852.0,1718.0,512.0,4571.0,0.47,0.67,37.32,11.06,57.61,19.89,11.58,19.25,12.58,4.07
720,316180.0,São Gonçalo do Pará,6.59,100.0,100.0,100.0,100.0,100.0,88.3,87.6,86.7,85.0,100.0,,100.0,95.36,100.0,100.0,100.0,100.0,,,,,,99.04,97.85,99.67,99.0,,4.14,3.88,3.52,3.85,2.99,2.42,19.76,13.67,13.19,10.05,8.6,8.3,9785.63,10971.75,11866.39,13242.12,13996.07,14193.21,15004.24,19415.81,19992.67,1.7,32.4,32.5,32.5,32.3,30.8,28.4,29.7,27.3,28.4,23.1,1157.0,700.0,1662.0,503.0,4022.0,1280.0,854.0,1285.0,607.0,4026.0,2437.0,1554.0,2947.0,1110.0,8048.0,0.4,0.689,25.8,6.66,46.18,12.85,9.86,11.27,8.32,3.94
724,316210.0,São Gotardo,8.03,100.0,100.0,100.0,100.0,100.0,95.8,95.7,95.9,96.2,100.0,,100.0,100.0,100.0,100.0,100.0,100.0,100.0,90.91,95.42,97.19,96.18,97.65,84.76,88.1,89.97,91.52,1.45,1.81,1.7,1.42,1.53,1.54,35.7,24.42,20.57,15.27,12.18,13.14,10865.98,12137.52,14056.54,16132.48,16675.31,18371.19,20765.07,21634.24,23553.3,2.0,20.6,22.5,24.8,27.0,28.5,27.5,29.8,30.3,32.0,28.6,2974.0,1810.0,5975.0,1224.0,11983.0,3599.0,2094.0,5236.0,1385.0,12314.0,6573.0,3904.0,11211.0,2609.0,24297.0,0.51,0.736,19.49,5.45,33.36,9.11,17.02,29.76,12.84,3.3
738,316292.0,São Joaquim de Bicas,8.66,100.0,100.0,100.0,100.0,100.0,98.3,93.9,91.8,89.8,,,100.0,100.0,100.0,100.0,,100.0,97.32,37.22,57.64,57.82,56.07,55.83,36.83,35.24,35.3,35.63,9.3,11.03,12.64,12.23,11.45,10.97,35.18,28.99,28.01,30.84,29.55,28.19,15046.51,16104.66,16805.08,19118.5,18594.42,17829.65,19150.69,19992.11,20150.18,2.3,33.4,37.0,36.8,35.4,35.3,31.5,27.4,29.0,28.5,24.5,2681.0,1212.0,3773.0,934.0,8600.0,2399.0,1313.0,3358.0,1294.0,8364.0,5080.0,2525.0,7131.0,2228.0,16964.0,0.44,0.662,34.84,11.07,50.89,16.96,,18.83,11.61,7.02
740,316295.0,São José da Lapa,5.46,100.0,100.0,100.0,100.0,100.0,100.0,100.0,100.0,98.0,100.0,,,100.0,100.0,,,,100.0,100.0,100.0,100.0,100.0,100.0,85.26,86.57,89.33,94.69,1.87,1.01,0.64,0.99,1.28,1.24,28.11,21.86,20.98,22.64,21.82,22.47,18049.67,21652.41,20172.37,20952.77,21803.2,20106.17,20403.46,21431.47,20297.82,2.4,25.9,29.7,32.1,30.0,33.2,31.0,27.2,28.7,27.8,28.4,1608.0,884.0,4094.0,969.0,7555.0,1484.0,1007.0,3937.0,922.0,7350.0,3092.0,1891.0,8031.0,1891.0,14905.0,0.42,0.729,30.54,12.02,46.62,18.96,,12.96,12.7,7.75
742,316310.0,São José da Varginha,7.2,95.7,100.0,98.3,100.0,100.0,98.5,97.1,100.0,100.0,,,,100.0,100.0,100.0,100.0,100.0,100.0,10.08,46.4,48.07,45.84,45.11,44.41,64.12,63.27,62.07,5.98,7.25,6.47,7.42,7.31,5.52,28.16,19.07,17.67,21.33,15.12,12.85,12834.61,16954.34,17028.17,17862.27,17360.73,16983.03,18054.28,17214.66,16672.37,1.7,30.4,33.1,25.8,26.6,25.1,21.9,20.3,21.5,21.8,18.4,466.0,167.0,702.0,197.0,1532.0,562.0,252.0,610.0,212.0,1636.0,1028.0,419.0,1312.0,409.0,3168.0,0.47,0.704,33.12,12.74,52.43,17.28,9.91,11.76,14.28,3.92
769,316553.0,Sarzedo,5.88,100.0,100.0,100.0,100.0,100.0,94.3,93.7,92.5,90.4,,100.0,100.0,100.0,100.0,100.0,,,100.0,,92.38,97.78,100.0,100.0,79.94,82.34,82.29,80.28,1.54,1.75,1.68,1.23,1.16,0.88,16.64,11.14,10.24,11.09,11.5,12.95,15305.52,22242.15,25487.05,27767.16,32127.09,24731.34,26037.92,28848.27,28322.86,2.4,28.2,32.0,33.7,35.4,35.0,33.0,30.1,30.7,31.2,30.8,2133.0,1218.0,5219.0,965.0,9535.0,1891.0,1701.0,5201.0,795.0,9588.0,4024.0,2919.0,10420.0,1760.0,19123.0,0.46,0.734,25.49,5.26,35.63,8.47,,11.41,10.33,7.63
782,316660.0,Serra da Saudade,13.46,100.0,100.0,100.0,100.0,100.0,98.7,98.5,99.2,100.0,,,,,,,,,,100.0,100.0,100.0,100.0,100.0,82.99,84.82,91.81,95.47,2.82,3.72,1.62,1.74,2.42,2.31,32.51,13.47,9.91,7.46,9.92,7.68,12864.27,14868.65,14828.63,17204.15,18620.71,20291.64,21977.43,23497.8,23904.53,1.7,35.8,47.9,45.0,45.1,41.8,48.3,45.0,45.7,44.2,44.5,103.0,48.0,128.0,20.0,299.0,123.0,74.0,109.0,36.0,342.0,226.0,122.0,237.0,56.0,641.0,0.38,0.677,31.74,6.86,51.15,12.64,7.22,18.87,7.37,
789,316720.0,Sete Lagoas,3.99,99.9,99.9,99.0,99.0,99.9,99.9,99.9,100.0,100.0,100.0,100.0,100.0,100.0,100.0,100.0,100.0,100.0,100.0,94.9,95.0,95.0,95.0,97.98,97.98,97.98,98.27,98.28,3.13,3.88,4.05,3.91,3.82,3.57,18.01,10.44,11.12,11.68,11.46,11.03,27190.17,29592.2,31398.79,35770.19,35035.78,33092.29,31032.3,34992.75,35933.26,2.3,35.9,37.3,38.8,36.8,35.0,35.5,32.5,32.8,33.3,31.8,13548.0,13088.0,52857.0,7704.0,87197.0,12575.0,14002.0,44885.0,8475.0,79937.0,26123.0,27090.0,97742.0,16179.0,167134.0,0.53,0.76,22.67,6.19,38.54,11.44,18.5,19.67,15.27,8.21
808,316890.0,Tiros,10.65,100.0,100.0,100.0,100.0,100.0,95.2,96.5,95.8,98.6,,,100.0,100.0,99.92,100.0,100.0,100.0,100.0,,,100.0,97.86,99.92,100.0,83.98,84.42,98.71,1.9,1.8,1.49,1.38,1.28,0.93,45.96,36.86,29.2,26.04,21.69,20.32,12396.02,16643.84,16587.41,19227.75,20216.05,21687.48,26896.58,28048.39,30236.46,2.1,15.5,16.7,17.4,19.8,20.6,21.1,22.3,25.1,26.3,24.4,1131.0,236.0,1011.0,295.0,2673.0,1352.0,328.0,823.0,358.0,2861.0,2483.0,564.0,1834.0,653.0,5534.0,0.52,0.683,33.6,14.03,48.42,20.63,16.75,11.84,23.66,1.93
843,317120.0,Vespasiano,5.88,100.0,100.0,100.0,100.0,100.0,88.1,88.4,88.5,87.4,100.0,100.0,100.0,100.0,100.0,100.0,,,98.0,85.72,87.1,85.25,84.33,89.41,70.28,72.92,73.1,78.11,2.12,2.49,3.07,3.31,3.3,2.89,28.72,18.45,16.28,16.9,16.13,16.07,14923.36,19761.35,21538.55,20567.09,22815.13,26106.55,23398.82,21215.13,19415.59,2.5,21.3,23.9,23.7,23.6,22.9,20.8,19.3,19.1,19.3,18.8,10406.0,5541.0,19361.0,4976.0,40284.0,8666.0,6312.0,16759.0,5282.0,37019.0,19072.0,11853.0,36120.0,10258.0,77303.0,0.42,0.688,30.39,9.72,45.47,14.79,14.97,19.37,10.59,7.78
