ibge7;Município;2010;2012;2014;2016;2018
3100104;Abadia dos Dourados;0,867;0,803;0,694;0,740;0,763
3100203;Abaeté;0,678;0,670;0,662;0,666;0,690
3100302;Abre Campo;0,710;0,695;0,692;0,731;0,707
3100401;Acaiaca;0,677;0,753;0,776;0,625;0,820
3100500;Açucena;0,696;0,737;0,844;0,830;0,822
3100609;Água Boa;0,552;0,556;0,514;0,569;0,622
3100708;Água Comprida;0,824;0,815;0,847;0,831;0,791
3100807;Aguanil;0,739;0,750;0,777;0,734;0,757
3100906;Águas Formosas;0,610;0,594;0,706;0,686;0,638
3101003;Águas Vermelhas;0,556;0,627;0,699;0,734;0,669
3101102;Aimorés;0,703;0,748;0,793;0,711;0,696
3101201;Aiuruoca;0,803;0,764;0,754;0,676;0,653
3101300;Alagoa;0,679;0,682;0,884;0,745;0,831
3101409;Albertina;0,741;0,775;0,846;0,747;0,687
3101508;Além Paraíba;0,583;0,593;0,651;0,620;0,490
3101607;Alfenas;0,680;0,732;0,760;0,759;0,613
3101631;Alfredo Vasconcelos;0,586;0,652;0,791;0,781;0,811
3101706;Almenara;0,616;0,596;0,580;0,666;0,567
3101805;Alpercata;0,647;0,790;0,749;0,750;0,647
3101904;Alpinópolis;0,791;0,836;0,815;0,789;0,686
3102001;Alterosa;0,852;0,820;0,817;0,814;0,781
3102050;Alto Caparaó;0,685;0,824;0,718;0,702;0,745
3153509;Alto Jequitibá;0,731;0,739;0,787;0,678;0,694
3102100;Alto Rio Doce;0,637;0,670;0,722;0,666;0,720
3102209;Alvarenga;0,843;0,892;0,904;0,792;0,774
3102308;Alvinópolis;0,675;0,774;0,773;0,756;0,748
3102407;Alvorada de Minas;0,625;0,660;0,772;0,785;0,732
3102506;Amparo da Serra;0,777;0,816;0,708;0,702;0,688
3102605;Andradas;0,723;0,721;0,725;0,735;0,609
3102803;Andrelândia;0,826;0,714;0,826;0,834;0,713
3102852;Angelândia;0,672;0,571;0,820;0,677;0,695
3102902;Antônio Carlos;0,711;0,753;0,785;0,812;0,755
3103009;Antônio Dias;0,759;0,677;0,755;0,668;0,648
3103108;Antônio Prado de Minas;0,868;0,816;0,827;0,741;0,731
3103207;Araçaí;0,581;0,642;0,858;0,803;0,685
3103306;Aracitaba;0,732;0,917;0,898;0,769;0,731
3103405;Araçuaí;0,507;0,503;0,617;0,676;0,609
3103504;Araguari;0,645;0,683;0,693;0,709;0,646
3103603;Arantina;0,751;0,842;0,843;0,541;0,700
3103702;Araponga;0,668;0,793;0,798;0,862;0,756
3103751;Araporã;0,630;0,669;0,817;0,862;0,665
3103801;Arapuá;0,682;0,824;0,891;0,849;0,812
3103900;Araújos;0,770;0,839;0,840;0,654;0,770
3104007;Araxá;0,646;0,543;0,618;0,718;0,548
3104106;Arceburgo;0,835;0,868;0,891;0,813;0,793
3104205;Arcos;0,696;0,779;0,816;0,806;0,753
3104304;Areado;0,613;0,615;0,672;0,752;0,696
3104403;Argirita;0,685;0,897;0,857;0,795;0,593
3104452;Aricanduva;0,759;0,736;0,799;0,797;0,762
3104502;Arinos;0,632;0,633;0,608;0,727;0,697
3104601;Astolfo Dutra;0,771;0,771;0,756;0,749;0,696
3104700;Ataléia;0,573;0,649;0,664;0,658;0,582
3104809;Augusto de Lima;0,814;0,843;0,850;0,739;0,729
3104908;Baependi;0,813;0,819;0,874;0,830;0,782
3105004;Baldim;0,798;0,760;0,778;0,601;0,510
3105103;Bambuí;0,729;0,765;0,804;0,758;0,673
3105202;Bandeira;0,784;0,828;0,785;0,797;0,799
3105301;Bandeira do Sul;0,646;0,598;0,629;0,558;0,584
3105400;Barão de Cocais;0,809;0,748;0,791;0,721;0,671
3105509;Barão do Monte Alto;0,717;0,732;0,700;0,800;0,681
3105608;Barbacena;0,690;0,694;0,683;0,695;0,628
3105707;Barra Longa;0,701;0,765;0,827;0,709;0,590
3105905;Barroso;0,735;0,746;0,711;0,685;0,590
3106002;Bela Vista de Minas;0,614;0,687;0,760;0,646;0,663
3106101;Belmiro Braga;0,669;0,716;0,747;0,765;0,756
3106200;Belo Horizonte;0,715;0,708;0,669;0,672;0,642
3106309;Belo Oriente;0,747;0,739;0,751;0,726;0,706
3106408;Belo Vale;0,737;0,781;0,819;0,797;0,714
3106507;Berilo;0,567;0,542;0,732;0,641;0,577
3106655;Berizal;0,795;0,651;0,772;0,820;0,791
3106606;Bertópolis;0,566;0,611;0,579;0,640;0,423
3106705;Betim;0,697;0,722;0,712;0,630;0,594
3106804;Bias Fortes;0,798;0,771;0,843;0,746;0,781
3106903;Bicas;0,714;0,693;0,708;0,592;0,695
3107000;Biquinhas;0,806;0,863;0,903;0,834;0,832
3107109;Boa Esperança;0,704;0,755;0,767;0,732;0,665
3107208;Bocaina de Minas;0,671;0,717;0,799;0,724;0,719
3107307;Bocaiúva;0,654;0,690;0,707;0,721;0,604
3107406;Bom Despacho;0,686;0,719;0,804;0,805;0,788
3107505;Bom Jardim de Minas;0,772;0,767;0,662;0,635;0,760
3107604;Bom Jesus da Penha;0,845;0,892;0,891;0,777;0,859
3107703;Bom Jesus do Amparo;0,787;0,824;0,772;0,758;0,659
3107802;Bom Jesus do Galho;0,663;0,700;0,728;0,674;0,598
3107901;Bom Repouso;0,852;0,853;0,821;0,819;0,837
3108008;Bom Sucesso;0,724;0,707;0,714;0,616;0,514
3108107;Bonfim;0,785;0,887;0,853;0,800;0,795
3108206;Bonfinópolis de Minas;0,697;0,607;0,706;0,726;0,688
3108255;Bonito de Minas;0,617;0,573;0,761;0,775;0,723
3108305;Borda da Mata;0,767;0,759;0,761;0,813;0,704
3108404;Botelhos;0,619;0,561;0,615;0,623;0,591
3108503;Botumirim;0,703;0,683;0,770;0,694;0,726
3108701;Brás Pires;0,797;0,892;0,830;0,738;0,689
3108552;Brasilândia de Minas;0,721;0,727;0,689;0,685;0,619
3108602;Brasília de Minas;0,656;0,717;0,762;0,695;0,663
3108800;Braúnas;0,633;0,650;0,730;0,761;0,807
3108909;Brazópolis;0,686;0,717;0,737;0,746;0,679
3109006;Brumadinho;0,781;0,786;0,776;0,781;0,658
3109105;Bueno Brandão;0,689;0,718;0,663;0,684;0,694
3109204;Buenópolis;0,729;0,755;0,811;0,796;0,734
3109253;Bugre;0,722;0,697;0,716;0,805;0,859
3109303;Buritis;0,713;0,667;0,763;0,773;0,635
3109402;Buritizeiro;0,624;0,706;0,714;0,785;0,745
3109451;Cabeceira Grande;0,758;0,673;0,721;0,728;0,660
3109501;Cabo Verde;0,698;0,681;0,572;0,626;0,670
3109600;Cachoeira da Prata;0,592;0,759;0,839;0,679;0,759
3109709;Cachoeira de Minas;0,738;0,871;0,894;0,864;0,739
3102704;Cachoeira de Pajeú;0,637;0,633;0,748;0,700;0,680
3109808;Cachoeira Dourada;0,566;0,860;0,864;0,826;0,753
3109907;Caetanópolis;0,734;0,776;0,706;0,666;0,692
3110004;Caeté;0,719;0,758;0,737;0,717;0,612
3110103;Caiana;0,639;0,605;0,715;0,724;0,702
3110202;Cajuri;0,873;0,715;0,842;0,800;0,769
3110301;Caldas;0,601;0,683;0,687;0,710;0,748
3110400;Camacho;0,587;0,774;0,850;0,701;0,721
3110509;Camanducaia;0,659;0,769;0,698;0,701;0,619
3110608;Cambuí;0,740;0,740;0,718;0,661;0,708
3110707;Cambuquira;0,783;0,713;0,728;0,733;0,606
3110806;Campanário;0,730;0,649;0,616;0,712;0,688
3110905;Campanha;0,696;0,599;0,646;0,668;0,701
3111002;Campestre;0,585;0,630;0,628;0,706;0,636
3111101;Campina Verde;0,646;0,749;0,643;0,680;0,660
3111150;Campo Azul;0,685;0,864;0,824;0,804;0,794
3111200;Campo Belo;0,702;0,740;0,702;0,703;0,724
3111309;Campo do Meio;0,739;0,754;0,792;0,771;0,791
3111408;Campo Florido;0,654;0,559;0,725;0,718;0,549
3111507;Campos Altos;0,640;0,642;0,587;0,628;0,561
3111606;Campos Gerais;0,683;0,656;0,722;0,699;0,639
3111903;Cana Verde;0,734;0,876;0,895;0,755;0,786
3111705;Canaã;0,796;0,842;0,871;0,850;0,852
3111804;Canápolis;0,837;0,815;0,705;0,758;0,692
3112000;Candeias;0,787;0,823;0,811;0,772;0,712
3112059;Cantagalo;0,738;0,704;0,867;0,715;0,732
3112109;Caparaó;0,776;0,831;0,843;0,815;0,693
3112208;Capela Nova;0,735;0,780;0,799;0,745;0,651
3112307;Capelinha;0,614;0,613;0,643;0,696;0,683
3112406;Capetinga;0,635;0,663;0,792;0,732;0,755
3112505;Capim Branco;0,719;0,726;0,691;0,695;0,652
3112604;Capinópolis;0,810;0,771;0,761;0,774;0,775
3112653;Capitão Andrade;0,696;0,720;0,842;0,750;0,662
3112703;Capitão Enéas;0,697;0,765;0,717;0,568;0,663
3112802;Capitólio;0,822;0,803;0,777;0,807;0,773
3112901;Caputira;0,667;0,718;0,773;0,810;0,686
3113008;Caraí;0,500;0,529;0,516;0,558;0,533
3113107;Caranaíba;0,737;0,752;0,813;0,731;0,639
3113206;Carandaí;0,638;0,693;0,671;0,681;0,682
3113305;Carangola;0,636;0,659;0,699;0,626;0,609
3113404;Caratinga;0,699;0,691;0,706;0,723;0,618
3113503;Carbonita;0,756;0,776;0,816;0,830;0,753
3113602;Careaçu;0,730;0,678;0,774;0,668;0,740
3113701;Carlos Chagas;0,563;0,600;0,636;0,678;0,595
3113800;Carmésia;0,799;0,692;0,790;0,750;0,772
3113909;Carmo da Cachoeira;0,740;0,738;0,685;0,713;0,745
3114006;Carmo da Mata;0,738;0,756;0,808;0,794;0,676
3114105;Carmo de Minas;0,784;0,753;0,749;0,790;0,803
3114204;Carmo do Cajuru;0,741;0,822;0,825;0,802;0,709
3114303;Carmo do Paranaíba;0,758;0,802;0,859;0,752;0,708
3114402;Carmo do Rio Claro;0,633;0,742;0,777;0,716;0,622
3114501;Carmópolis de Minas;0,689;0,774;0,765;0,753;0,751
3114550;Carneirinho;0,684;0,818;0,783;0,792;0,801
3114600;Carrancas;0,721;0,771;0,761;0,759;0,639
3114709;Carvalhópolis;0,747;0,824;0,837;0,674;0,671
3114808;Carvalhos;0,678;0,763;0,710;0,658;0,673
3114907;Casa Grande;0,555;0,562;0,664;0,672;0,762
3115003;Cascalho Rico;0,692;0,704;0,840;0,828;0,710
3115102;Cássia;0,640;0,674;0,608;0,656;0,599
3115300;Cataguases;0,627;0,719;0,733;0,688;0,609
3115359;Catas Altas;0,817;0,814;0,777;0,710;0,793
3115409;Catas Altas da Noruega;0,769;0,674;0,754;0,747;0,633
3115458;Catuji;0,552;0,599;0,684;0,617;0,617
3115474;Catuti;0,755;0,761;0,713;0,791;0,782
3115508;Caxambu;0,681;0,682;0,740;0,741;0,612
3115607;Cedro do Abaeté;0,620;0,722;0,640;0,633;0,641
3115706;Central de Minas;0,646;0,704;0,718;0,643;0,586
3115805;Centralina;0,831;0,854;0,826;0,771;0,722
3115904;Chácara;0,726;0,664;0,842;0,814;0,664
3116001;Chalé;0,759;0,848;0,844;0,813;0,835
3116100;Chapada do Norte;0,650;0,559;0,681;0,715;0,764
3116159;Chapada Gaúcha;0,722;0,719;0,706;0,745;0,794
3116209;Chiador;0,737;0,796;0,805;0,554;0,603
3116308;Cipotânea;0,794;0,839;0,789;0,774;0,647
3116407;Claraval;0,791;0,890;0,832;0,788;0,808
3116506;Claro dos Poções;0,834;0,792;0,820;0,838;0,791
3116605;Cláudio;0,755;0,809;0,798;0,714;0,714
3116704;Coimbra;0,762;0,797;0,776;0,704;0,621
3116803;Coluna;0,675;0,592;0,576;0,710;0,646
3116902;Comendador Gomes;0,855;0,877;0,864;0,825;0,701
3117009;Comercinho;0,745;0,643;0,659;0,664;0,600
3117108;Conceição da Aparecida;0,853;0,833;0,813;0,800;0,715
3115201;Conceição da Barra de Minas;0,672;0,786;0,817;0,770;0,713
3117306;Conceição das Alagoas;0,788;0,668;0,792;0,769;0,715
3117207;Conceição das Pedras;0,828;0,939;0,913;0,825;0,819
3117405;Conceição de Ipanema;0,767;0,889;0,866;0,595;0,739
3117504;Conceição do Mato Dentro;0,611;0,668;0,682;0,701;0,678
3117603;Conceição do Pará;0,624;0,739;0,748;0,762;0,730
3117702;Conceição do Rio Verde;0,619;0,663;0,687;0,697;0,612
3117801;Conceição dos Ouros;0,758;0,783;0,733;0,763;0,788
3117836;Cônego Marinho;0,724;0,745;0,829;0,747;0,734
3117876;Confins;0,759;0,852;0,793;0,769;0,707
3117900;Congonhal;0,738;0,720;0,729;0,813;0,788
3118007;Congonhas;0,749;0,787;0,752;0,749;0,762
3118106;Congonhas do Norte;0,741;0,694;0,707;0,851;0,706
3118205;Conquista;0,787;0,834;0,776;0,733;0,724
3118304;Conselheiro Lafaiete;0,694;0,698;0,682;0,670;0,596
3118403;Conselheiro Pena;0,655;0,747;0,756;0,766;0,686
3118502;Consolação;0,813;0,872;0,893;0,870;0,808
3118601;Contagem;0,729;0,724;0,672;0,612;0,539
3118700;Coqueiral;0,746;0,804;0,880;0,811;0,783
3118809;Coração de Jesus;0,613;0,696;0,672;0,666;0,601
3118908;Cordisburgo;0,811;0,760;0,786;0,791;0,726
3119005;Cordislândia;0,645;0,789;0,776;0,715;0,623
3119104;Corinto;0,679;0,717;0,724;0,631;0,530
3119203;Coroaci;0,726;0,769;0,813;0,758;0,775
3119302;Coromandel;0,727;0,775;0,710;0,728;0,719
3119401;Coronel Fabriciano;0,645;0,679;0,673;0,660;0,558
3119500;Coronel Murta;0,742;0,693;0,673;0,708;0,639
3119609;Coronel Pacheco;0,678;0,822;0,831;0,834;0,880
3119708;Coronel Xavier Chaves;0,650;0,764;0,737;0,529;0,506
3119807;Córrego Danta;0,631;0,872;0,857;0,719;0,692
3119906;Córrego do Bom Jesus;0,633;0,775;0,750;0,762;0,771
3119955;Córrego Fundo;0,848;0,799;0,828;0,860;0,846
3120003;Córrego Novo;0,610;0,514;0,657;0,749;0,611
3120102;Couto de Magalhães de Minas;0,617;0,704;0,809;0,711;0,635
3120151;Crisólita;0,542;0,527;0,632;0,733;0,652
3120201;Cristais;0,660;0,709;0,763;0,797;0,824
3120300;Cristália;0,712;0,672;0,788;0,642;0,768
3120409;Cristiano Otoni;0,699;0,730;0,679;0,582;0,729
3120508;Cristina;0,797;0,747;0,736;0,721;0,681
3120607;Crucilândia;0,785;0,792;0,797;0,722;0,705
3120706;Cruzeiro da Fortaleza;0,807;0,873;0,894;0,737;0,711
3120805;Cruzília;0,835;0,777;0,826;0,787;0,753
3120839;Cuparaque;0,668;0,758;0,787;0,664;0,611
3120870;Curral de Dentro;0,748;0,752;0,818;0,860;0,806
3120904;Curvelo;0,641;0,641;0,569;0,642;0,589
3121001;Datas;0,697;0,709;0,853;0,815;0,837
3121100;Delfim Moreira;0,823;0,860;0,813;0,831;0,764
3121209;Delfinópolis;0,797;0,768;0,838;0,793;0,807
3121258;Delta;0,641;0,802;0,847;0,836;0,704
3121308;Descoberto;0,687;0,781;0,784;0,623;0,721
3121407;Desterro de Entre Rios;0,768;0,726;0,768;0,777;0,675
3121506;Desterro do Melo;0,724;0,818;0,837;0,789;0,753
3121605;Diamantina;0,634;0,541;0,601;0,638;0,637
3121704;Diogo de Vasconcelos;0,685;0,740;0,783;0,753;0,655
3121803;Dionísio;0,700;0,817;0,795;0,720;0,668
3121902;Divinésia;0,836;0,806;0,724;0,811;0,763
3122009;Divino;0,676;0,747;0,719;0,668;0,676
3122108;Divino das Laranjeiras;0,675;0,579;0,720;0,694;0,604
3122207;Divinolândia de Minas;0,631;0,670;0,787;0,714;0,648
3122306;Divinópolis;0,681;0,669;0,655;0,683;0,574
3122355;Divisa Alegre;0,617;0,593;0,757;0,714;0,660
3122405;Divisa Nova;0,715;0,771;0,845;0,826;0,810
3122454;Divisópolis;0,591;0,658;0,685;0,746;0,768
3122470;Dom Bosco;0,738;0,755;0,714;0,778;0,831
3122504;Dom Cavati;0,743;0,656;0,671;0,668;0,633
3122603;Dom Joaquim;0,723;0,544;0,637;0,632;0,697
3122702;Dom Silvério;0,565;0,697;0,656;0,773;0,714
3122801;Dom Viçoso;0,821;0,874;0,816;0,602;0,678
3122900;Dona Euzébia;0,690;0,794;0,752;0,691;0,715
3123007;Dores de Campos;0,698;0,715;0,671;0,681;0,628
3123106;Dores de Guanhães;0,652;0,726;0,780;0,749;0,771
3123205;Dores do Indaiá;0,660;0,679;0,747;0,773;0,661
3123304;Dores do Turvo;0,829;0,774;0,696;0,737;0,734
3123403;Doresópolis;0,788;0,847;0,770;0,855;0,832
3123502;Douradoquara;0,791;0,834;0,843;0,786;0,813
3123528;Durandé;0,762;0,743;0,757;0,715;0,707
3123601;Elói Mendes;0,663;0,740;0,700;0,732;0,719
3123700;Engenheiro Caldas;0,629;0,644;0,763;0,719;0,580
3123809;Engenheiro Navarro;0,725;0,668;0,832;0,823;0,814
3123858;Entre Folhas;0,722;0,767;0,829;0,813;0,818
3123908;Entre Rios de Minas;0,680;0,743;0,680;0,720;0,608
3124005;Ervália;0,753;0,768;0,761;0,650;0,665
3124104;Esmeraldas;0,634;0,626;0,601;0,667;0,604
3124203;Espera Feliz;0,697;0,730;0,784;0,749;0,683
3124302;Espinosa;0,621;0,603;0,636;0,699;0,639
3124401;Espírito Santo do Dourado;0,792;0,866;0,797;0,820;0,783
3124500;Estiva;0,726;0,774;0,729;0,676;0,624
3124609;Estrela D' Alva;0,680;0,900;0,863;0,718;0,744
3124708;Estrela do Indaiá;0,819;0,902;0,711;0,650;0,681
3124807;Estrela do Sul;0,707;0,699;0,688;0,657;0,645
3124906;Eugenópolis;0,690;0,729;0,699;0,710;0,697
3125002;Ewbank da Câmara;0,753;0,788;0,814;0,598;0,724
3125101;Extrema;0,794;0,836;0,774;0,770;0,697
3125200;Fama;0,677;0,794;0,864;0,816;0,759
3125309;Faria Lemos;0,803;0,681;0,766;0,802;0,663
3125408;Felício dos Santos;0,683;0,584;0,746;0,717;0,760
3125606;Felisburgo;0,684;0,654;0,786;0,778;0,771
3125705;Felixlândia;0,688;0,696;0,735;0,663;0,639
3125804;Fernandes Tourinho;0,781;0,667;0,692;0,698;0,714
3125903;Ferros;0,728;0,724;0,795;0,758;0,740
3125952;Fervedouro;0,683;0,694;0,763;0,797;0,791
3126000;Florestal;0,777;0,753;0,771;0,764;0,742
3126109;Formiga;0,765;0,779;0,756;0,767;0,630
3126208;Formoso;0,801;0,769;0,805;0,793;0,759
3126307;Fortaleza de Minas;0,770;0,859;0,760;0,803;0,770
3126406;Fortuna de Minas;0,789;0,891;0,862;0,606;0,613
3126505;Francisco Badaró;0,697;0,677;0,801;0,630;0,807
3126604;Francisco Dumont;0,635;0,654;0,811;0,790;0,699
3126703;Francisco Sá;0,684;0,718;0,759;0,663;0,700
3126752;Franciscópolis;0,604;0,745;0,834;0,782;0,798
3126802;Frei Gaspar;0,586;0,694;0,734;0,665;0,651
3126901;Frei Inocêncio;0,674;0,602;0,683;0,656;0,655
3126950;Frei Lagonegro;0,687;0,733;0,721;0,762;0,735
3127008;Fronteira;0,741;0,726;0,714;0,670;0,607
3127057;Fronteira dos Vales;0,760;0,701;0,802;0,746;0,690
3127073;Fruta de Leite;0,771;0,708;0,783;0,803;0,661
3127107;Frutal;0,590;0,630;0,596;0,563;0,503
3127206;Funilândia;0,737;0,733;0,733;0,719;0,784
3127305;Galiléia;0,683;0,609;0,701;0,672;0,690
3127339;Gameleiras;0,833;0,854;0,784;0,839;0,811
3127354;Glaucilândia;0,702;0,839;0,834;0,701;0,746
3127370;Goiabeira;0,817;0,700;0,656;0,681;0,699
3127388;Goianá;0,859;0,785;0,795;0,734;0,803
3127404;Gonçalves;0,814;0,801;0,789;0,863;0,875
3127503;Gonzaga;0,805;0,805;0,824;0,836;0,620
3127602;Gouveia;0,605;0,619;0,651;0,725;0,712
3127701;Governador Valadares;0,679;0,680;0,687;0,703;0,570
3127800;Grão Mogol;0,728;0,687;0,813;0,666;0,638
3127909;Grupiara;0,849;0,631;0,775;0,821;0,794
3128006;Guanhães;0,745;0,764;0,769;0,771;0,656
3128105;Guapé;0,747;0,850;0,905;0,814;0,736
3128204;Guaraciaba;0,697;0,620;0,733;0,736;0,653
3128253;Guaraciama;0,718;0,721;0,796;0,746;0,624
3128303;Guaranésia;0,696;0,761;0,784;0,772;0,673
3128402;Guarani;0,838;0,730;0,767;0,655;0,754
3128501;Guarará;0,776;0,805;0,760;0,668;0,590
3128600;Guarda-Mor;0,821;0,792;0,824;0,691;0,653
3128709;Guaxupé;0,695;0,753;0,719;0,702;0,586
3128808;Guidoval;0,749;0,758;0,799;0,797;0,744
3128907;Guimarânia;0,797;0,854;0,849;0,784;0,759
3129004;Guiricema;0,713;0,868;0,798;0,786;0,762
3129103;Gurinhatã;0,781;0,786;0,818;0,808;0,782
3129202;Heliodora;0,721;0,824;0,845;0,759;0,715
3129301;Iapu;0,828;0,794;0,877;0,841;0,799
3129400;Ibertioga;0,676;0,803;0,782;0,643;0,601
3129509;Ibiá;0,719;0,714;0,729;0,632;0,660
3129608;Ibiaí;0,644;0,713;0,728;0,761;0,724
3129657;Ibiracatu;0,686;0,752;0,710;0,689;0,609
3129707;Ibiraci;0,762;0,826;0,782;0,803;0,774
3129806;Ibirité;0,709;0,705;0,738;0,700;0,597
3129905;Ibitiúra de Minas;0,879;0,838;0,740;0,813;0,726
3130002;Ibituruna;0,709;0,806;0,626;0,436;0,683
3130051;Icaraí de Minas;0,558;0,599;0,698;0,708;0,768
3130101;Igarapé;0,764;0,771;0,749;0,766;0,677
3130200;Igaratinga;0,758;0,785;0,720;0,795;0,724
3130309;Iguatama;0,811;0,884;0,831;0,627;0,670
3130408;Ijaci;0,769;0,761;0,866;0,841;0,863
3130507;Ilicínea;0,797;0,860;0,868;0,787;0,749
3130556;Imbé de Minas;0,714;0,736;0,792;0,631;0,642
3130606;Inconfidentes;0,773;0,834;0,846;0,803;0,785
3130655;Indaiabira;0,808;0,766;0,758;0,794;0,701
3130705;Indianópolis;0,749;0,778;0,704;0,854;0,863
3130804;Ingaí;0,770;0,778;0,885;0,786;0,656
3130903;Inhapim;0,678;0,727;0,774;0,737;0,737
3131000;Inhaúma;0,716;0,736;0,839;0,777;0,627
3131109;Inimutaba;0,779;0,757;0,760;0,826;0,826
3131158;Ipaba;0,766;0,723;0,805;0,741;0,697
3131208;Ipanema;0,683;0,721;0,789;0,797;0,707
3131307;Ipatinga;0,704;0,674;0,564;0,734;0,656
3131406;Ipiaçu;0,655;0,795;0,781;0,747;0,753
3131505;Ipuiúna;0,733;0,755;0,822;0,745;0,718
3131604;Iraí de Minas;0,791;0,741;0,737;0,745;0,750
3131703;Itabira;0,730;0,739;0,767;0,701;0,691
3131802;Itabirinha;0,686;0,681;0,674;0,620;0,523
3131901;Itabirito;0,687;0,762;0,747;0,734;0,665
3132008;Itacambira;0,803;0,858;0,785;0,767;0,745
3132107;Itacarambi;0,677;0,684;0,756;0,671;0,583
3132206;Itaguara;0,765;0,869;0,827;0,821;0,683
3132305;Itaipé;0,598;0,629;0,737;0,688;0,677
3132404;Itajubá;0,697;0,726;0,671;0,766;0,643
3132503;Itamarandiba;0,614;0,566;0,665;0,693;0,709
3132602;Itamarati de Minas;0,813;0,836;0,830;0,701;0,770
3132701;Itambacuri;0,555;0,572;0,648;0,640;0,568
3132800;Itambé do Mato Dentro;0,775;0,697;0,716;0,730;0,692
3132909;Itamogi;0,769;0,786;0,767;0,734;0,765
3133006;Itamonte;0,786;0,768;0,836;0,805;0,774
3133105;Itanhandu;0,825;0,777;0,819;0,831;0,755
3133204;Itanhomi;0,736;0,769;0,771;0,679;0,493
3133303;Itaobim;0,621;0,661;0,731;0,777;0,709
3133402;Itapagipe;0,787;0,810;0,844;0,766;0,620
3133501;Itapecerica;0,754;0,729;0,673;0,643;0,635
3133600;Itapeva;0,769;0,822;0,845;0,802;0,785
3133709;Itatiaiuçu;0,785;0,848;0,855;0,827;0,781
3133758;Itaú de Minas;0,745;0,751;0,801;0,809;0,729
3133808;Itaúna;0,670;0,663;0,660;0,640;0,604
3133907;Itaverava;0,678;0,668;0,669;0,644;0,734
3134004;Itinga;0,614;0,598;0,707;0,704;0,691
3134103;Itueta;0,668;0,637;0,699;0,748;0,589
3134202;Ituiutaba;0,627;0,629;0,615;0,689;0,571
3134301;Itumirim;0,818;0,777;0,715;0,630;0,689
3134400;Iturama;0,638;0,617;0,621;0,637;0,594
3134509;Itutinga;0,702;0,760;0,896;0,822;0,774
3134608;Jaboticatubas;0,713;0,702;0,722;0,731;0,697
3134707;Jacinto;0,659;0,718;0,763;0,710;0,706
3134806;Jacuí;0,790;0,796;0,790;0,759;0,722
3134905;Jacutinga;0,669;0,704;0,711;0,724;0,660
3135001;Jaguaraçu;0,728;0,726;0,846;0,759;0,794
3135050;Jaíba;0,708;0,720;0,740;0,703;0,649
3135076;Jampruca;0,672;0,740;0,824;0,783;0,694
3135100;Janaúba;0,708;0,709;0,796;0,780;0,657
3135209;Januária;0,574;0,474;0,500;0,626;0,529
3135308;Japaraíba;0,805;0,884;0,885;0,755;0,757
3135357;Japonvar;0,756;0,830;0,830;0,782;0,773
3135407;Jeceaba;0,696;0,686;0,722;0,758;0,747
3135456;Jenipapo de Minas;0,730;0,696;0,763;0,714;0,705
3135506;Jequeri;0,678;0,828;0,770;0,731;0,756
3135605;Jequitaí;0,723;0,701;0,810;0,654;0,586
3135704;Jequitibá;0,773;0,677;0,747;0,769;0,811
3135803;Jequitinhonha;0,597;0,645;0,728;0,656;0,649
3135902;Jesuânia;0,776;0,821;0,855;0,852;0,789
3136009;Joaíma;0,526;0,572;0,586;0,540;0,665
3136108;Joanésia;0,789;0,842;0,781;0,830;0,700
3136207;João Monlevade;0,661;0,716;0,729;0,726;0,562
3136306;João Pinheiro;0,614;0,667;0,662;0,636;0,577
3136405;Joaquim Felício;0,584;0,546;0,749;0,669;0,642
3136504;Jordânia;0,632;0,713;0,617;0,696;0,675
3136520;José Gonçalves de Minas;0,523;0,663;0,728;0,721;0,683
3136553;José Raydan;0,643;0,666;0,667;0,690;0,612
3136579;Josenópolis;0,761;0,762;0,732;0,555;0,573
3136652;Juatuba;0,735;0,787;0,752;0,753;0,646
3136702;Juiz de Fora;0,655;0,661;0,635;0,675;0,560
3136801;Juramento;0,747;0,767;0,765;0,694;0,788
3136900;Juruaia;0,746;0,894;0,883;0,844;0,788
3136959;Juvenília;0,546;0,621;0,684;0,639;0,638
3137007;Ladainha;0,636;0,602;0,624;0,678;0,641
3137106;Lagamar;0,718;0,786;0,754;0,795;0,802
3137205;Lagoa da Prata;0,740;0,769;0,749;0,752;0,663
3137304;Lagoa dos Patos;0,575;0,607;0,713;0,540;0,720
3137403;Lagoa Dourada;0,669;0,678;0,698;0,715;0,639
3137502;Lagoa Formosa;0,814;0,803;0,794;0,813;0,805
3137536;Lagoa Grande;0,745;0,802;0,785;0,738;0,674
3137601;Lagoa Santa;0,763;0,831;0,765;0,720;0,651
3137700;Lajinha;0,693;0,757;0,747;0,624;0,627
3137809;Lambari;0,680;0,749;0,761;0,749;0,682
3137908;Lamim;0,867;0,840;0,832;0,809;0,705
3138005;Laranjal;0,669;0,790;0,770;0,666;0,637
3138104;Lassance;0,691;0,770;0,744;0,776;0,767
3138203;Lavras;0,672;0,720;0,694;0,694;0,573
3138302;Leandro ferreira;0,829;0,872;0,838;0,705;0,731
3138351;Leme do Prado;0,689;0,826;0,830;0,819;0,774
3138401;Leopoldina;0,735;0,742;0,648;0,624;0,580
3138500;Liberdade;0,708;0,798;0,754;0,586;0,556
3138609;Lima Duarte;0,753;0,790;0,768;0,714;0,725
3138625;Limeira do Oeste;0,703;0,684;0,714;0,768;0,749
3138658;Lontra;0,839;0,848;0,761;0,772;0,781
3138674;Luisburgo;0,778;0,862;0,848;0,831;0,856
3138682;Luislândia;0,743;0,694;0,739;0,758;0,693
3138708;Luminárias;0,697;0,731;0,759;0,648;0,589
3138807;Luz;0,712;0,696;0,766;0,753;0,706
3139003;Machado;0,627;0,671;0,672;0,704;0,581
3139102;Madre de Deus de Minas;0,746;0,707;0,705;0,788;0,717
3139201;Malacacheta;0,514;0,634;0,667;0,753;0,683
3139250;Mamonas;0,745;0,696;0,777;0,842;0,844
3139300;Manga;0,689;0,732;0,792;0,774;0,670
3139409;Manhuaçu;0,710;0,711;0,710;0,735;0,704
3139508;Manhumirim;0,724;0,660;0,625;0,701;0,684
3139607;Mantena;0,745;0,774;0,703;0,686;0,690
3139805;Mar de Espanha;0,734;0,654;0,777;0,748;0,699
3139706;Maravilhas;0,758;0,830;0,793;0,673;0,693
3139904;Maria da Fé;0,716;0,788;0,773;0,791;0,769
3140001;Mariana;0,628;0,672;0,676;0,720;0,629
3140100;Marilac;0,622;0,724;0,689;0,721;0,662
3140159;Mário Campos;0,581;0,579;0,658;0,797;0,823
3140209;Maripá de Minas;0,840;0,811;0,852;0,750;0,616
3140308;Marliéria;0,836;0,803;0,651;0,649;0,760
3140407;Marmelópolis;0,736;0,790;0,821;0,819;0,821
3140506;Martinho Campos;0,611;0,749;0,748;0,713;0,722
3140530;Martins Soares;0,737;0,697;0,746;0,634;0,618
3140555;Mata Verde;0,713;0,629;0,562;0,716;0,760
3140605;Materlândia;0,749;0,731;0,810;0,827;0,792
3140704;Mateus Leme;0,692;0,765;0,719;0,717;0,654
3171501;Mathias Lobato;0,734;0,746;0,678;0,638;0,614
3140803;Matias Barbosa;0,816;0,788;0,822;0,810;0,713
3140852;Matias Cardoso;0,750;0,813;0,791;0,767;0,794
3140902;Matipó;0,675;0,701;0,684;0,582;0,617
3141009;Mato Verde;0,792;0,793;0,749;0,716;0,694
3141108;Matozinhos;0,766;0,731;0,737;0,671;0,566
3141207;Matutina;0,655;0,663;0,778;0,752;0,806
3138906;Maxacalis;0,653;0,762;0,755;0,747;0,699
3141306;Medeiros;0,726;0,832;0,913;0,830;0,820
3141405;Medina;0,652;0,672;0,658;0,684;0,590
3141504;Mendes Pimentel;0,701;0,661;0,717;0,717;0,691
3141603;Mercês;0,636;0,739;0,740;0,720;0,663
3141702;Mesquita;0,790;0,788;0,885;0,811;0,818
3141801;Minas Novas;0,541;0,561;0,663;0,654;0,609
3141900;Minduri;0,821;0,804;0,763;0,756;0,778
3142007;Mirabela;0,740;0,750;0,753;0,660;0,649
3142106;Miradouro;0,679;0,702;0,781;0,745;0,768
3142205;Miraí;0,678;0,679;0,715;0,654;0,698
3142254;Miravânia;0,623;0,618;0,746;0,650;0,551
3142304;Moeda;0,819;0,852;0,810;0,814;0,757
3142403;Moema;0,711;0,759;0,814;0,704;0,636
3142502;Monjolos;0,822;0,808;0,834;0,852;0,831
3142601;Monsenhor Paulo;0,738;0,720;0,657;0,700;0,768
3142700;Montalvânia;0,596;0,628;0,669;0,692;0,664
3142809;Monte Alegre de Minas;0,754;0,780;0,795;0,730;0,711
3142908;Monte Azul;0,739;0,771;0,839;0,727;0,678
3143005;Monte Belo;0,670;0,619;0,624;0,626;0,679
3143104;Monte Carmelo;0,640;0,676;0,675;0,707;0,649
3143153;Monte Formoso;0,732;0,650;0,796;0,758;0,746
3143203;Monte Santo de Minas;0,784;0,790;0,845;0,833;0,835
3143401;Monte Sião;0,734;0,811;0,746;0,787;0,661
3143302;Montes Claros;0,619;0,642;0,671;0,685;0,666
3143450;Montezuma;0,705;0,777;0,779;0,819;0,872
3143500;Morada Nova de Minas;0,790;0,769;0,770;0,686;0,608
3143609;Morro da Garça;0,735;0,742;0,801;0,812;0,791
3143708;Morro do Pilar;0,701;0,890;0,801;0,611;0,538
3143807;Munhoz;0,672;0,776;0,745;0,797;0,731
3143906;Muriaé;0,728;0,792;0,724;0,633;0,616
3144003;Mutum;0,603;0,594;0,761;0,654;0,662
3144102;Muzambinho;0,788;0,772;0,776;0,776;0,716
3144201;Nacip Raydan;0,814;0,842;0,892;0,850;0,768
3144300;Nanuque;0,645;0,669;0,758;0,636;0,597
3144359;Naque;0,672;0,821;0,801;0,762;0,750
3144375;Natalândia;0,817;0,765;0,828;0,902;0,756
3144409;Natércia;0,758;0,864;0,913;0,852;0,755
3144508;Nazareno;0,760;0,677;0,679;0,727;0,725
3144607;Nepomuceno;0,724;0,728;0,678;0,632;0,568
3144656;Ninheira;0,703;0,792;0,762;0,773;0,803
3144672;Nova Belém;0,745;0,756;0,784;0,801;0,780
3144706;Nova Era;0,613;0,652;0,678;0,721;0,560
3144805;Nova Lima;0,608;0,681;0,772;0,784;0,659
3144904;Nova Módica;0,684;0,724;0,864;0,746;0,682
3145000;Nova Ponte;0,768;0,850;0,831;0,807;0,735
3145059;Nova Porteirinha;0,730;0,839;0,861;0,716;0,661
3145109;Nova Resende;0,838;0,878;0,880;0,846;0,832
3145208;Nova Serrana;0,701;0,754;0,721;0,697;0,720
3136603;Nova União;0,731;0,819;0,836;0,821;0,782
3145307;Novo Cruzeiro;0,602;0,609;0,600;0,657;0,685
3145356;Novo Oriente de Minas;0,710;0,648;0,678;0,738;0,667
3145372;Novorizonte;0,733;0,665;0,723;0,681;0,653
3145406;Olaria;0,576;0,813;0,901;0,867;0,807
3145455;Olhos D' Água;0,651;0,680;0,705;0,734;0,750
3145505;Olímpio Noronha;0,825;0,843;0,842;0,826;0,821
3145604;Oliveira;0,713;0,839;0,731;0,712;0,729
3145703;Oliveira Fortes;0,785;0,750;0,864;0,802;0,792
3145802;Onça do Pitangui;0,674;0,746;0,783;0,788;0,809
3145851;Oratórios;0,815;0,777;0,762;0,707;0,849
3145877;Orizânia;0,605;0,702;0,837;0,790;0,766
3145901;Ouro Branco;0,763;0,749;0,806;0,755;0,650
3146008;Ouro Fino;0,581;0,678;0,658;0,647;0,503
3146107;Ouro Preto;0,731;0,758;0,698;0,690;0,637
3146206;Ouro Verde de Minas;0,512;0,539;0,649;0,746;0,674
3146255;Padre Carvalho;0,650;0,680;0,820;0,826;0,662
3146305;Padre Paraíso;0,613;0,631;0,640;0,699;0,658
3146552;Pai Pedro;0,708;0,755;0,791;0,763;0,758
3146404;Paineiras;0,628;0,715;0,814;0,776;0,717
3146503;Pains;0,808;0,883;0,791;0,781;0,730
3146602;Paiva;0,752;0,926;0,940;0,716;0,662
3146701;Palma;0,707;0,779;0,676;0,483;0,457
3146750;Palmópolis;0,692;0,700;0,747;0,754;0,645
3146909;Papagaios;0,707;0,755;0,723;0,771;0,697
3147105;Pará de Minas;0,689;0,669;0,743;0,669;0,668
3147006;Paracatu;0,671;0,697;0,643;0,721;0,606
3147204;Paraguaçu;0,743;0,736;0,781;0,771;0,795
3147303;Paraisópolis;0,673;0,705;0,729;0,634;0,620
3147402;Paraopeba;0,649;0,729;0,685;0,719;0,624
3147600;Passa Quatro;0,749;0,786;0,849;0,785;0,699
3147709;Passa Tempo;0,742;0,768;0,810;0,686;0,633
3147808;Passa Vinte;0,886;0,763;0,839;0,743;0,782
3147501;Passabém;0,676;0,739;0,815;0,726;0,764
3147907;Passos;0,723;0,736;0,656;0,650;0,580
3147956;Patis;0,627;0,770;0,706;0,782;0,718
3148004;Patos de Minas;0,765;0,787;0,718;0,665;0,672
3148103;Patrocínio;0,766;0,793;0,802;0,811;0,701
3148202;Patrocínio do Muriaé;0,696;0,840;0,714;0,829;0,785
3148301;Paula Cândido;0,657;0,740;0,829;0,712;0,764
3148400;Paulistas;0,623;0,658;0,707;0,728;0,711
3148509;Pavão;0,635;0,677;0,694;0,662;0,619
3148608;Peçanha;0,641;0,618;0,726;0,717;0,597
3148707;Pedra Azul;0,581;0,675;0,631;0,707;0,637
3148756;Pedra Bonita;0,739;0,817;0,786;0,755;0,726
3148806;Pedra do Anta;0,680;0,835;0,892;0,717;0,617
3148905;Pedra do Indaiá;0,749;0,779;0,780;0,759;0,774
3149002;Pedra Dourada;0,830;0,916;0,868;0,830;0,649
3149101;Pedralva;0,670;0,808;0,799;0,723;0,741
3149150;Pedras de Maria da Cruz;0,694;0,693;0,760;0,701;0,590
3149200;Pedrinópolis;0,766;0,838;0,869;0,757;0,699
3149309;Pedro Leopoldo;0,735;0,707;0,657;0,664;0,526
3149408;Pedro Teixeira;0,784;0,751;0,819;0,849;0,777
3149507;Pequeri;0,747;0,896;0,814;0,700;0,691
3149606;Pequi;0,798;0,695;0,787;0,748;0,779
3149705;Perdigão;0,752;0,868;0,816;0,858;0,852
3149804;Perdizes;0,685;0,741;0,762;0,725;0,664
3149903;Perdões;0,771;0,755;0,832;0,796;0,784
3149952;Periquito;0,603;0,653;0,769;0,681;0,542
3150000;Pescador;0,660;0,825;0,858;0,819;0,781
3150109;Piau;0,889;0,766;0,734;0,688;0,762
3150158;Piedade de Caratinga;0,775;0,836;0,753;0,790;0,658
3150208;Piedade de Ponte Nova;0,699;0,632;0,752;0,659;0,756
3150307;Piedade do Rio Grande;0,760;0,751;0,709;0,698;0,632
3150406;Piedade dos Gerais;0,795;0,890;0,880;0,833;0,771
3150505;Pimenta;0,770;0,812;0,797;0,708;0,713
3150539;Pingo D' Água;0,824;0,868;0,866;0,687;0,662
3150570;Pintópolis;0,737;0,694;0,769;0,829;0,799
3150604;Piracema;0,758;0,897;0,815;0,700;0,794
3150703;Pirajuba;0,730;0,715;0,750;0,689;0,676
3150802;Piranga;0,705;0,650;0,659;0,703;0,692
3150901;Piranguçu;0,734;0,785;0,781;0,654;0,638
3151008;Piranguinho;0,816;0,905;0,823;0,807;0,729
3151107;Pirapetinga;0,723;0,770;0,715;0,608;0,635
3151206;Pirapora;0,713;0,674;0,669;0,652;0,642
3151305;Piraúba;0,770;0,804;0,694;0,788;0,717
3151404;Pitangui;0,666;0,739;0,687;0,569;0,563
3151503;Piumhi;0,730;0,734;0,799;0,772;0,768
3151602;Planura;0,734;0,701;0,750;0,706;0,677
3151701;Poço Fundo;0,799;0,776;0,724;0,779;0,753
3151800;Poços de Caldas;0,681;0,690;0,709;0,679;0,625
3151909;Pocrane;0,791;0,854;0,888;0,803;0,713
3152006;Pompéu;0,642;0,740;0,702;0,704;0,638
3152105;Ponte Nova;0,718;0,690;0,627;0,631;0,629
3152131;Ponto Chique;0,792;0,749;0,774;0,756;0,788
3152170;Ponto dos Volantes;0,606;0,578;0,535;0,713;0,732
3152204;Porteirinha;0,718;0,741;0,698;0,662;0,637
3152303;Porto Firme;0,722;0,848;0,847;0,797;0,788
3152402;Poté;0,659;0,711;0,659;0,686;0,625
3152501;Pouso Alegre;0,728;0,718;0,698;0,695;0,623
3152600;Pouso Alto;0,710;0,665;0,806;0,845;0,783
3152709;Prados;0,782;0,761;0,706;0,698;0,725
3152808;Prata;0,692;0,734;0,790;0,822;0,773
3152907;Pratápolis;0,719;0,796;0,752;0,571;0,597
3153004;Pratinha;0,625;0,674;0,782;0,752;0,732
3153103;Presidente Bernardes;0,789;0,875;0,830;0,804;0,731
3153202;Presidente Juscelino;0,694;0,776;0,864;0,656;0,794
3153301;Presidente Kubitschek;0,699;0,681;0,712;0,695;0,654
3153400;Presidente Olegário;0,778;0,780;0,823;0,812;0,753
3153608;Prudente de Morais;0,739;0,744;0,786;0,743;0,783
3153707;Quartel Geral;0,646;0,707;0,651;0,738;0,710
3153806;Queluzito;0,710;0,844;0,855;0,787;0,766
3153905;Raposos;0,559;0,680;0,705;0,588;0,507
3154002;Raul Soares;0,669;0,716;0,796;0,728;0,743
3154101;Recreio;0,741;0,783;0,692;0,589;0,609
3154150;Reduto;0,646;0,636;0,748;0,582;0,659
3154200;Resende Costa;0,667;0,583;0,633;0,596;0,519
3154309;Resplendor;0,679;0,707;0,697;0,669;0,611
3154408;Ressaquinha;0,690;0,778;0,827;0,716;0,684
3154457;Riachinho;0,740;0,844;0,858;0,811;0,762
3154507;Riacho dos Machados;0,730;0,732;0,696;0,700;0,533
3154606;Ribeirão das Neves;0,659;0,667;0,676;0,621;0,540
3154705;Ribeirão Vermelho;0,746;0,687;0,747;0,741;0,634
3154804;Rio Acima;0,743;0,843;0,846;0,860;0,813
3154903;Rio Casca;0,667;0,751;0,801;0,761;0,692
3155108;Rio do Prado;0,756;0,774;0,777;0,802;0,808
3155009;Rio Doce;0,822;0,923;0,739;0,746;0,755
3155207;Rio Espera;0,625;0,642;0,741;0,749;0,732
3155306;Rio Manso;0,772;0,835;0,861;0,803;0,628
3155405;Rio Novo;0,715;0,699;0,804;0,780;0,811
3155504;Rio Paranaíba;0,674;0,787;0,799;0,831;0,730
3155603;Rio Pardo de Minas;0,688;0,659;0,716;0,774;0,698
3155702;Rio Piracicaba;0,591;0,623;0,590;0,678;0,587
3155801;Rio Pomba;0,741;0,756;0,702;0,723;0,732
3155900;Rio Preto;0,651;0,793;0,737;0,711;0,646
3156007;Rio Vermelho;0,528;0,543;0,644;0,704;0,551
3156106;Ritápolis;0,582;0,761;0,729;0,684;0,641
3156205;Rochedo de Minas;0,681;0,780;0,619;0,565;0,751
3156304;Rodeiro;0,705;0,687;0,735;0,771;0,762
3156403;Romaria;0,730;0,674;0,664;0,745;0,740
3156452;Rosário da Limeira;0,828;0,826;0,824;0,711;0,763
3156502;Rubelita;0,659;0,706;0,683;0,669;0,612
3156601;Rubim;0,614;0,573;0,668;0,787;0,755
3156700;Sabará;0,648;0,629;0,593;0,664;0,529
3156809;Sabinópolis;0,607;0,604;0,769;0,805;0,732
3156908;Sacramento;0,767;0,759;0,736;0,805;0,739
3157005;Salinas;0,687;0,714;0,738;0,690;0,654
3157104;Salto da Divisa;0,547;0,655;0,646;0,639;0,525
3157203;Santa Bárbara;0,767;0,791;0,769;0,783;0,682
3157252;Santa Bárbara do Leste;0,775;0,880;0,904;0,771;0,813
3157278;Santa Bárbara do Monte Verde;0,711;0,857;0,791;0,807;0,767
3157302;Santa Bárbara do Tugúrio;0,689;0,791;0,868;0,778;0,712
3157336;Santa Cruz de Minas;0,656;0,540;0,559;0,627;0,653
3157377;Santa Cruz de Salinas;0,760;0,769;0,838;0,697;0,688
3157401;Santa Cruz do Escalvado;0,778;0,810;0,896;0,863;0,805
3157500;Santa Efigênia de Minas;0,735;0,668;0,858;0,813;0,722
3157609;Santa Fé de Minas;0,827;0,821;0,759;0,806;0,812
3157658;Santa Helena de Minas;0,579;0,634;0,705;0,682;0,559
3157708;Santa Juliana;0,715;0,756;0,664;0,644;0,644
3157807;Santa Luzia;0,671;0,589;0,606;0,662;0,541
3157906;Santa Margarida;0,773;0,861;0,898;0,855;0,799
3158003;Santa Maria de Itabira;0,771;0,786;0,754;0,644;0,645
3158102;Santa Maria do Salto;0,658;0,541;0,759;0,836;0,800
3158201;Santa Maria do Suaçuí;0,497;0,450;0,427;0,535;0,470
3159209;Santa Rita de Caldas;0,832;0,839;0,862;0,846;0,845
3159308;Santa Rita de Jacutinga;0,788;0,761;0,772;0,743;0,703
3159357;Santa Rita de Minas;0,675;0,663;0,656;0,621;0,663
3159407;Santa Rita do Ibitipoca;0,732;0,799;0,827;0,798;0,766
3159506;Santa Rita do Itueto;0,703;0,752;0,808;0,787;0,773
3159605;Santa Rita do Sapucaí;0,741;0,801;0,793;0,794;0,711
3159704;Santa Rosa da Serra;0,711;0,843;0,911;0,818;0,796
3159803;Santa Vitória;0,789;0,778;0,781;0,764;0,697
3158300;Santana da Vargem;0,788;0,825;0,810;0,825;0,808
3158409;Santana de Cataguases;0,648;0,656;0,787;0,700;0,706
3158508;Santana de Pirapama;0,739;0,699;0,762;0,785;0,788
3158607;Santana do Deserto;0,792;0,902;0,891;0,886;0,788
3158706;Santana do Garambéu;0,593;0,694;0,773;0,824;0,831
3158805;Santana do Jacaré;0,670;0,692;0,763;0,759;0,739
3158904;Santana do Manhuaçu;0,688;0,690;0,558;0,638;0,789
3158953;Santana do paraíso;0,625;0,623;0,777;0,764;0,656
3159001;Santana do Riacho;0,810;0,747;0,806;0,715;0,738
3159100;Santana dos Montes;0,596;0,604;0,579;0,722;0,705
3159902;Santo Antônio do Amparo;0,733;0,792;0,751;0,743;0,761
3160009;Santo Antônio do Aventureiro;0,763;0,747;0,841;0,746;0,732
3160108;Santo Antônio do Grama;0,740;0,592;0,720;0,778;0,766
3160207;Santo Antônio do Itambé;0,717;0,686;0,672;0,772;0,805
3160306;Santo Antônio do Jacinto;0,796;0,776;0,792;0,790;0,733
3160405;Santo Antônio do Monte;0,699;0,828;0,863;0,738;0,679
3160454;Santo Antônio do Retiro;0,704;0,680;0,809;0,724;0,745
3160504;Santo Antônio do Rio Abaixo;0,715;0,712;0,698;0,715;0,811
3160603;Santo Hipólito;0,818;0,835;0,783;0,747;0,642
3160702;Santos Dumont;0,645;0,633;0,615;0,608;0,627
3160801;São Bento Abade;0,796;0,795;0,823;0,822;0,759
3160900;São Brás do Suaçuí;0,830;0,771;0,815;0,818;0,663
3160959;São Domingos das Dores;0,769;0,793;0,814;0,740;0,761
3161007;São Domingos do Prata;0,761;0,760;0,784;0,713;0,640
3161056;São Félix de Minas;0,720;0,717;0,852;0,618;0,702
3161106;São Francisco;0,569;0,563;0,604;0,676;0,600
3161205;São Francisco de Paula;0,597;0,754;0,882;0,869;0,823
3161304;São Francisco de Sales;0,757;0,778;0,702;0,751;0,691
3161403;São Francisco do Glória;0,757;0,725;0,750;0,713;0,638
3161502;São Geraldo;0,648;0,736;0,738;0,703;0,615
3161601;São Geraldo da Piedade;0,693;0,770;0,848;0,789;0,807
3161650;São Geraldo do Baixio;0,776;0,654;0,691;0,783;0,787
3161700;São Gonçalo do Abaeté;0,722;0,638;0,764;0,804;0,740
3161809;São Gonçalo do Pará;0,848;0,737;0,802;0,790;0,703
3161908;São Gonçalo do Rio Abaixo;0,741;0,709;0,909;0,838;0,726
3125507;São Gonçalo do Rio Preto;0,670;0,577;0,844;0,737;0,812
3162005;São Gonçalo do Sapucaí;0,612;0,679;0,640;0,637;0,547
3162104;São Gotardo;0,737;0,749;0,714;0,796;0,695
3162203;São João Batista do Glória;0,816;0,907;0,882;0,806;0,780
3162252;São João da Lagoa;0,688;0,676;0,785;0,715;0,726
3162302;São João da Mata;0,742;0,845;0,853;0,800;0,743
3162401;São João da Ponte;0,729;0,679;0,697;0,622;0,731
3162450;São João das Missões;0,638;0,672;0,669;0,777;0,667
3162500;São João Del Rei;0,609;0,570;0,595;0,568;0,478
3162559;São João do Manhuaçu;0,667;0,805;0,800;0,741;0,751
3162575;São João do Manteninha;0,847;0,817;0,721;0,647;0,616
3162609;São João do Oriente;0,675;0,639;0,784;0,626;0,613
3162658;São João do Pacuí;0,719;0,625;0,692;0,757;0,774
3162708;São João do Paraíso;0,678;0,759;0,701;0,714;0,701
3162807;São João Evangelista;0,678;0,617;0,674;0,720;0,590
3162906;São João Nepomuceno;0,685;0,668;0,673;0,655;0,596
3162922;São Joaquim de Bicas;0,686;0,730;0,713;0,710;0,639
3162948;São José da Barra;0,836;0,856;0,868;0,876;0,829
3162955;São José da Lapa;0,672;0,709;0,777;0,742;0,717
3163003;São José da Safira;0,677;0,652;0,825;0,841;0,754
3163102;São José da Varginha;0,596;0,695;0,755;0,719;0,648
3163201;São José do Alegre;0,727;0,850;0,789;0,646;0,640
3163300;São José do Divino;0,697;0,780;0,824;0,831;0,782
3163409;São José do Goiabal;0,716;0,812;0,692;0,677;0,663
3163508;São José do Jacuri;0,605;0,662;0,702;0,734;0,750
3163607;São José do Mantimento;0,775;0,892;0,893;0,862;0,755
3163706;São Lourenço;0,774;0,773;0,717;0,630;0,641
3163805;São Miguel do Anta;0,726;0,887;0,836;0,673;0,730
3163904;São Pedro da União;0,824;0,806;0,857;0,674;0,719
3164100;São Pedro do Suaçuí;0,734;0,637;0,763;0,639;0,609
3164001;São Pedro dos Ferros;0,726;0,766;0,804;0,696;0,754
3164209;São Romão;0,756;0,758;0,726;0,764;0,670
3164308;São Roque de Minas;0,748;0,572;0,650;0,684;0,728
3164407;São Sebastião da Bela Vista;0,810;0,841;0,822;0,862;0,849
3164431;São Sebastião da Vargem Alegre;0,835;0,794;0,832;0,827;0,840
3164472;São Sebastião do Anta;0,762;0,819;0,818;0,778;0,775
3164506;São Sebastião do Maranhão;0,448;0,525;0,506;0,628;0,570
3164605;São Sebastião do Oeste;0,815;0,845;0,889;0,877;0,859
3164704;São Sebastião do Paraíso;0,756;0,793;0,760;0,792;0,736
3164803;São Sebastião do Rio Preto;0,816;0,703;0,839;0,699;0,679
3164902;São Sebastião do Rio Verde;0,830;0,844;0,943;0,724;0,798
3165008;São Tiago;0,673;0,696;0,639;0,702;0,741
3165107;São Tomás de Aquino;0,665;0,734;0,836;0,839;0,755
3165206;São Tomé das Letras;0,716;0,684;0,762;0,735;0,768
3165305;São Vicente de Minas;0,719;0,769;0,782;0,678;0,599
3165404;Sapucaí Mirim;0,602;0,621;0,782;0,767;0,730
3165503;Sardoá;0,675;0,745;0,841;0,766;0,748
3165537;Sarzedo;0,771;0,787;0,740;0,695;0,682
3165560;Sem-Peixe;0,682;0,789;0,829;0,723;0,645
3165578;Senador Amaral;0,795;0,857;0,877;0,842;0,794
3165602;Senador Cortês;0,705;0,684;0,772;0,715;0,572
3165701;Senador Firmino;0,777;0,719;0,817;0,772;0,666
3165800;Senador José Bento;0,822;0,938;0,941;0,780;0,835
3165909;Senador Modestino Gonçalves;0,674;0,754;0,768;0,796;0,761
3166006;Senhora de Oliveira;0,791;0,787;0,831;0,766;0,624
3166105;Senhora do Porto;0,689;0,661;0,737;0,685;0,712
3166204;Senhora dos Remédios;0,718;0,814;0,835;0,774;0,735
3166303;Sericita;0,792;0,786;0,786;0,711;0,759
3166402;Seritinga;0,768;0,897;0,842;0,817;0,805
3166501;Serra Azul de Minas;0,678;0,806;0,845;0,776;0,634
3166600;Serra da Saudade;0,688;0,916;0,878;0,619;0,826
3166808;Serra do Salitre;0,710;0,763;0,728;0,771;0,742
3166709;Serra dos Aimorés;0,618;0,635;0,767;0,763;0,649
3166907;Serrania;0,705;0,847;0,827;0,829;0,772
3166956;Serranópolis de Minas;0,581;0,650;0,751;0,703;0,683
3167004;Serranos;0,689;0,777;0,866;0,773;0,640
3167103;Serro;0,686;0,614;0,740;0,663;0,672
3167202;Sete Lagoas;0,655;0,679;0,705;0,688;0,601
3165552;Setubinha;0,605;0,686;0,685;0,754;0,763
3167301;Silveirânia;0,839;0,844;0,666;0,787;0,692
3167400;Silvianópolis;0,801;0,833;0,792;0,817;0,739
3167509;Simão Pereira;0,733;0,839;0,601;0,700;0,620
3167608;Simonésia;0,723;0,733;0,709;0,767;0,790
3167707;Sobrália;0,632;0,622;0,618;0,669;0,619
3167806;Soledade de Minas;0,866;0,828;0,803;0,805;0,691
3167905;Tabuleiro;0,758;0,819;0,818;0,728;0,698
3168002;Taiobeiras;0,725;0,731;0,693;0,758;0,715
3168051;Taparuba;0,567;0,789;0,845;0,783;0,698
3168101;Tapira;0,633;0,792;0,731;0,749;0,655
3168200;Tapiraí;0,787;0,778;0,919;0,793;0,786
3168309;Taquaraçu de Minas;0,738;0,718;0,833;0,677;0,544
3168408;Tarumirim;0,631;0,716;0,617;0,502;0,484
3168507;Teixeiras;0,785;0,767;0,694;0,582;0,622
3168606;Teófilo Otoni;0,531;0,559;0,560;0,584;0,549
3168705;Timóteo;0,734;0,708;0,731;0,703;0,588
3168804;Tiradentes;0,624;0,693;0,726;0,729;0,619
3168903;Tiros;0,810;0,817;0,874;0,822;0,840
3169000;Tocantins;0,735;0,738;0,719;0,748;0,633
3169059;Tocos do Moji;0,800;0,858;0,844;0,797;0,851
3169109;Toledo;0,788;0,897;0,879;0,835;0,742
3169208;Tombos;0,765;0,820;0,790;0,727;0,643
3169307;Três Corações;0,674;0,730;0,666;0,689;0,613
3169356;Três Marias;0,696;0,660;0,666;0,622;0,568
3169406;Três Pontas;0,621;0,661;0,676;0,643;0,649
3169505;Tumiritinga;0,729;0,781;0,776;0,688;0,734
3169604;Tupaciguara;0,724;0,655;0,606;0,741;0,787
3169703;Turmalina;0,629;0,686;0,731;0,800;0,782
3169802;Turvolândia;0,734;0,802;0,791;0,780;0,759
3169901;Ubá;0,712;0,714;0,645;0,666;0,573
3170008;Ubaí;0,666;0,588;0,709;0,764;0,624
3170057;Ubaporanga;0,657;0,681;0,808;0,724;0,732
3170107;Uberaba;0,704;0,667;0,627;0,616;0,544
3170206;Uberlândia;0,695;0,733;0,732;0,738;0,719
3170305;Umburatiba;0,638;0,747;0,813;0,689;0,596
3170404;Unaí;0,615;0,612;0,545;0,585;0,521
3170438;União de Minas;0,596;0,598;0,568;0,655;0,524
3170479;Uruana de Minas;0,730;0,814;0,835;0,796;0,784
3170503;Urucânia;0,669;0,703;0,733;0,716;0,760
3170529;Urucuia;0,508;0,585;0,724;0,769;0,751
3170578;Vargem Alegre;0,607;0,833;0,831;0,658;0,755
3170602;Vargem Bonita;0,682;0,717;0,858;0,792;0,777
3170651;Vargem Grande do Rio Pardo;0,827;0,807;0,812;0,838;0,825
3170701;Varginha;0,710;0,736;0,712;0,708;0,585
3170750;Varjão de Minas;0,747;0,733;0,797;0,866;0,869
3170800;Várzea da Palma;0,744;0,762;0,759;0,679;0,728
3170909;Varzelândia;0,739;0,714;0,755;0,726;0,688
3171006;Vazante;0,731;0,737;0,733;0,746;0,789
3171030;Verdelândia;0,808;0,807;0,771;0,774;0,629
3171071;Veredinha;0,602;0,645;0,771;0,795;0,820
3171105;Veríssimo;0,721;0,774;0,754;0,753;0,712
3171154;Vermelho Novo;0,684;0,834;0,781;0,739;0,770
3171204;Vespasiano;0,639;0,652;0,598;0,598;0,472
3171303;Viçosa;0,646;0,738;0,747;0,755;0,713
3171402;Vieiras;0,679;0,660;0,713;0,651;0,814
3171600;Virgem da Lapa;0,648;0,612;0,655;0,697;0,740
3171709;Virgínia;0,740;0,809;0,762;0,790;0,739
3171808;Virginópolis;0,737;0,612;0,744;0,699;0,655
3171907;Virgolândia;0,733;0,704;0,863;0,747;0,743
3172004;Visconde do Rio Branco;0,737;0,737;0,620;0,712;0,604
3172103;Volta Grande;0,630;0,565;0,806;0,719;0,662
3172202;Wenceslau Braz;0,613;0,727;0,820;0,857;0,791
