"Município";"De 0 a 4 anos";"De 5 a 9 anos";"De 10 a 14 anos";"De 15 a 19 anos";"De 20 a 24 anos";"De 25 a 29 anos";"De 30 a 34 anos";"De 35 a 39 anos";"De 40 a 44 anos";"De 45 a 49 anos";"De 50 a 54 anos";"De 55 a 59 anos";"De 60 a 64 anos";"De 65 a 69 anos";"De 70 a 74 anos";"De 75 a 79 anos";"De 80 anos ou mais";"Total"
"310010 Abadia dos Dourados";209;215;247;271;250;244;252;252;273;276;245;202;172;143;107;68;57;3483
"310020 Abaeté";669;739;871;938;916;889;809;776;802;838;793;686;566;430;312;206;237;11477
"310030 Abre Campo";445;485;547;580;550;496;516;478;444;475;439;367;286;214;168;142;155;6787
"310040 Acaiaca";135;138;159;176;151;133;125;140;138;118;115;94;81;70;61;40;44;1918
"310050 Açucena";346;396;485;484;408;341;324;339;329;322;301;256;218;184;159;124;144;5160
"310060 Água Boa";598;662;815;816;670;533;496;504;473;443;383;317;261;196;169;121;104;7561
"310070 Água Comprida";53;64;74;87;94;80;76;69;72;78;76;68;59;44;36;28;21;1079
"310080 Aguanil";131;137;156;180;163;148;155;153;141;154;155;143;120;82;58;43;41;2160
"310090 Águas Formosas";727;814;891;885;821;755;752;631;581;559;489;403;350;297;264;187;188;9594
"310100 Águas Vermelhas";510;566;653;666;663;587;490;439;388;355;344;301;259;204;138;99;109;6771
"310110 Aimorés";837;885;950;1004;972;895;883;884;835;808;776;673;554;420;329;250;302;12257
"310120 Aiuruoca";158;193;245;255;243;214;202;221;231;249;228;205;167;131;108;80;85;3215
"310130 Alagoa";81;83;99;114;102;98;90;82;98;126;126;98;75;51;35;33;34;1425
"310140 Albertina";93;95;115;133;117;115;131;127;113;98;88;82;67;47;42;29;27;1519
"310150 Além Paraíba";1085;1169;1325;1441;1340;1275;1315;1220;1156;1197;1162;986;731;523;375;304;352;16956
"310160 Alfenas";2444;2579;2880;3180;3244;3252;3123;2802;2473;2459;2360;1991;1578;1184;843;569;610;37571
"310163 Alfredo Vasconcelos";229;262;286;290;274;241;231;237;243;248;198;157;118;101;85;47;46;3293
"310170 Almenara";1504;1593;1703;1766;1743;1801;1675;1466;1362;1249;1080;861;740;611;507;351;384;20396
"310180 Alpercata";247;294;355;353;299;263;260;258;243;220;207;160;141;121;99;69;70;3659
"310190 Alpinópolis";601;625;769;887;878;855;772;682;677;693;633;536;422;292;207;155;159;9843
"310200 Alterosa";442;463;522;546;534;561;536;511;497;487;488;412;345;290;221;174;174;7203
"310205 Alto Caparaó";210;215;227;260;256;244;236;214;184;176;164;140;103;72;59;48;53;2861
"315350 Alto Jequitibá";277;309;366;371;329;331;328;307;278;287;273;235;201;123;94;89;110;4308
"310210 Alto Rio Doce";327;375;462;517;495;456;427;401;406;418;380;356;282;225;185;132;146;5990
"310220 Alvarenga";141;151;165;186;182;168;169;148;133;133;140;121;98;80;63;44;59;2181
"310230 Alvinópolis";477;528;613;654;620;580;580;538;508;525;474;387;323;264;201;160;186;7618
"310240 Alvorada de Minas";185;202;201;168;135;124;117;108;111;108;91;71;54;40;34;22;29;1800
"310250 Amparo do Serra";147;169;211;217;181;150;166;174;158;165;157;131;113;84;67;58;76;2424
"310260 Andradas";1124;1202;1372;1550;1619;1653;1597;1486;1406;1383;1271;1106;896;658;496;373;398;19590
"310280 Andrelândia";340;377;431;458;450;418;468;484;461;474;425;385;315;240;172;128;133;6159
"310285 Angelândia";366;395;486;465;369;318;308;277;223;198;164;140;117;88;68;50;50;4082
"310290 Antônio Carlos";330;374;448;490;479;431;423;429;410;412;391;302;229;203;140;83;79;5653
"310300 Antônio Dias";358;377;438;464;408;352;342;333;325;332;309;240;169;129;114;82;65;4837
"310310 Antônio Prado de Minas";35;45;62;66;55;60;57;53;58;69;68;55;49;41;33;25;33;864
"310320 Araçaí";72;81;97;94;84;80;73;71;77;82;72;56;52;45;29;24;17;1106
"310330 Aracitaba";45;58;74;80;86;73;65;65;69;83;82;77;65;52;33;23;36;1066
"310340 Araçuaí";1399;1491;1623;1723;1651;1551;1438;1229;1163;1090;942;733;593;505;404;304;358;18197
"310350 Araguari";3461;3702;4133;4508;4632;4740;4550;4302;4098;4081;3626;2953;2348;1805;1342;918;865;56064
"310360 Arantina";79;91;118;122;91;79;87;104;115;114;106;96;75;50;37;31;32;1427
"310370 Araponga";290;304;383;430;403;390;377;340;279;253;219;179;149;104;79;64;56;4299
"310375 Araporã";262;259;273;311;309;303;284;253;223;179;136;123;111;97;66;47;35;3271
"310380 Arapuá";74;77;88;105;98;91;104;109;113;106;90;90;84;65;53;37;43;1427
"310390 Araújos";315;321;344;367;368;398;365;330;302;280;242;192;143;107;81;63;75;4293
"310400 Araxá";3056;3234;3583;4035;4301;4605;4422;3766;3309;3283;3056;2680;2055;1437;1007;657;664;49150
"310410 Arceburgo";346;366;389;436;504;504;415;364;338;327;294;275;214;157;119;82;87;5217
"310420 Arcos";1109;1189;1342;1515;1571;1705;1659;1468;1378;1381;1253;1055;817;603;431;280;274;19030
"310430 Areado";472;491;526;584;625;627;568;508;466;477;467;401;294;242;202;137;145;7232
"310440 Argirita";86;98;109;120;107;109;105;96;95;94;88;90;70;60;54;39;50;1470
"310445 Aricanduva";215;222;244;247;230;187;190;172;152;144;146;120;82;67;49;32;37;2536
"310450 Arinos";769;840;888;870;767;680;680;613;556;551;508;423;347;258;219;167;158;9294
"310460 Astolfo Dutra";414;442;487;567;585;578;544;481;456;471;422;366;290;236;184;136;171;6830
"310470 Ataléia";479;548;651;655;591;509;488;475;447;435;419;364;318;257;209;148;170;7163
"310480 Augusto de Lima";187;202;217;219;205;187;179;168;168;170;152;119;97;84;69;53;57;2533
"310490 Baependi";563;642;702;761;758;710;701;658;629;667;646;558;457;344;253;186;212;9447
"310500 Baldim";267;294;327;347;322;281;276;251;249;285;268;212;162;138;121;82;88;3970
"310510 Bambuí";592;670;786;894;913;909;845;806;876;923;860;718;549;442;350;260;221;11614
"310520 Bandeira";158;175;205;199;188;189;183;180;180;169;154;141;116;98;74;54;66;2529
"310530 Bandeira do Sul";167;177;227;268;252;232;211;206;201;196;178;150;111;93;68;51;53;2841
"310540 Barão de Cocais";1070;1108;1232;1380;1372;1400;1318;1127;982;954;920;747;512;334;229;155;180;15020
"310550 Barão de Monte Alto";171;192;209;218;209;199;182;173;178;191;190;169;150;120;96;74;96;2817
"310560 Barbacena";3852;4134;4713;5404;5494;5232;5005;4696;4475;4476;4163;3488;2613;1915;1318;877;854;62709
"310570 Barra Longa";157;173;205;210;193;183;185;192;191;206;224;197;163;133;102;76;89;2879
"310590 Barroso";659;714;799;823;829;826;777;732;706;713;635;491;376;282;214;147;127;9850
"310600 Bela Vista de Minas";372;392;429;434;401;395;388;341;317;337;316;238;164;143;102;81;72;4922
"310610 Belmiro Braga";115;118;132;140;124;102;110;118;135;157;126;90;78;68;54;43;43;1753
"310620 Belo Horizonte";68209;72884;84057;94019;99614;107506;105817;93332;80442;76562;70437;58855;45245;33952;24035;16659;17215;1148840
"310630 Belo Oriente";955;960;1095;1208;1099;1057;1028;925;816;724;613;529;418;296;228;171;194;12316
"310640 Belo Vale";216;240;272;302;283;273;282;268;282;293;279;238;197;156;109;79;78;3847
"310650 Berilo";424;481;592;673;657;590;507;434;398;381;312;260;207;150;104;80;75;6325
"310665 Berizal";183;191;193;195;204;213;186;155;134;122;128;119;88;62;45;26;30;2274
"310660 Bertópolis";220;207;220;212;198;192;180;159;149;147;116;92;86;83;78;49;52;2440
"310670 Betim";15184;15428;17307;19105;18714;18592;18022;16038;13837;12410;10475;8497;5811;3721;2427;1549;1431;198548
"310680 Bias Fortes";101;123;151;141;124;125;124;137;159;145;135;130;110;81;56;34;43;1919
"310690 Bicas";397;422;491;560;555;531;509;440;427;452;472;428;331;259;195;148;153;6770
"310700 Biquinhas";55;67;86;83;89;89;74;88;98;112;98;93;84;69;54;41;37;1317
"310710 Boa Esperança";1286;1417;1642;1791;1750;1577;1430;1301;1264;1273;1272;1135;838;619;472;344;385;19796
"310720 Bocaina de Minas";131;148;186;207;202;200;203;209;201;224;198;160;131;94;79;56;61;2690
"310730 Bocaiúva";1827;1961;2221;2327;2307;2194;1919;1683;1540;1518;1314;1048;802;601;428;286;288;24264
"310740 Bom Despacho";1450;1601;1892;2098;2098;2041;1870;1689;1657;1711;1564;1267;950;694;516;357;326;23781
"310750 Bom Jardim de Minas";183;205;247;266;225;214;224;232;249;243;226;203;167;130;107;79;83;3283
"310760 Bom Jesus da Penha";106;129;174;177;164;155;155;148;152;162;150;119;99;75;62;37;40;2104
"310770 Bom Jesus do Amparo";194;210;237;263;268;244;230;191;152;176;163;142;116;98;66;41;54;2845
"310780 Bom Jesus do Galho";508;556;627;646;583;561;566;547;524;538;508;417;360;294;234;184;196;7849
"310790 Bom Repouso";356;387;433;460;451;450;444;446;392;375;359;293;231;176;119;82;75;5529
"310800 Bom Sucesso";492;547;658;699;671;634;642;665;626;639;631;510;393;319;237;160;191;8714
"310810 Bonfim";162;191;232;250;223;204;233;258;285;286;248;220;202;163;130;89;88;3464
"310820 Bonfinópolis de Minas";194;204;238;260;250;214;193;201;203;206;194;150;121;109;81;57;67;2942
"310825 Bonito de Minas";485;507;578;585;508;436;391;313;284;262;219;197;169;131;109;85;85;5344
"310830 Borda da Mata";506;549;633;696;716;761;709;641;658;656;630;547;439;345;270;205;227;9188
"310840 Botelhos";474;485;543;608;569;573;578;550;516;503;507;476;380;280;201;161;169;7573
"310850 Botumirim";267;308;370;364;322;284;238;204;187;178;181;162;127;85;52;35;39;3403
"310870 Brás Pires";130;149;182;194;173;132;143;165;183;180;154;126;107;93;74;56;54;2295
"310855 Brasilândia de Minas";685;725;794;805;743;688;635;528;494;456;371;325;231;156;120;80;71;7907
"310860 Brasília de Minas";1172;1235;1383;1524;1483;1332;1255;1093;969;963;839;672;571;484;390;282;316;15963
"310880 Braúnas";137;159;207;214;195;177;174;164;154;164;155;126;100;88;86;73;84;2457
"310890 Brazópolis";437;486;581;626;576;510;526;558;532;499;488;432;372;301;213;162;194;7493
"310900 Brumadinho";1159;1227;1425;1578;1554;1534;1456;1404;1338;1322;1201;962;732;555;369;247;248;18311
"310910 Bueno Brandão";323;343;380;424;427;427;417;439;435;415;408;364;300;241;176;126;125;5770
"310920 Buenópolis";334;347;422;479;495;471;418;381;331;314;283;238;211;179;147;100;95;5245
"310925 Bugre";137;143;167;172;169;149;146;144;146;142;125;105;89;70;66;58;60;2088
"310930 Buritis";1013;1072;1170;1122;1031;969;965;877;754;685;591;489;422;321;239;169;153;12042
"310940 Buritizeiro";1204;1231;1309;1335;1309;1202;1137;1021;842;770;652;577;471;323;230;149;135;13897
"310945 Cabeceira Grande";270;296;333;332;281;240;249;254;254;237;191;164;134;103;71;57;57;3523
"310950 Cabo Verde";465;490;532;608;704;722;659;594;551;516;473;403;306;217;158;135;118;7651
"310960 Cachoeira da Prata";101;113;126;134;133;127;121;137;127;123;119;99;79;68;52;33;33;1725
"310970 Cachoeira de Minas";379;413;455;468;442;420;416;416;400;416;413;359;298;233;173;128;128;5957
"310270 Cachoeira de Pajeú";365;384;421;414;371;343;331;311;294;290;266;224;183;159;121;89;96;4662
"310980 Cachoeira Dourada";100;109;110;102;97;95;80;91;92;92;85;57;45;36;28;24;35;1278
"310990 Caetanópolis";321;332;382;490;495;452;399;357;388;428;396;324;240;163;115;84;75;5441
"311000 Caeté";1408;1514;1642;1782;1706;1712;1752;1551;1378;1368;1274;1065;857;637;477;327;300;20750
"311010 Caiana";198;213;231;243;241;220;208;208;190;169;162;125;95;63;52;42;44;2704
"311020 Cajuri";123;141;174;191;170;171;160;141;130;138;144;132;90;76;64;40;56;2141
"311030 Caldas";406;434;472;513;505;495;481;504;519;547;547;472;393;314;236;163;190;7191
"311040 Camacho";83;102;125;128;132;136;140;129;113;113;105;94;81;65;46;29;24;1645
"311050 Camanducaia";716;763;851;939;913;913;913;830;766;754;676;582;483;375;260;188;177;11099
"311060 Cambuí";769;802;972;1087;1085;1156;1114;1038;998;957;898;787;676;506;400;316;322;13883
"311070 Cambuquira";372;409;511;569;546;488;432;399;407;426;420;374;308;240;162;126;143;6332
"311080 Campanário";118;140;180;173;139;126;123;117;131;124;101;81;62;51;46;30;34;1776
"311090 Campanha";517;579;685;734;707;675;610;546;534;537;505;457;337;246;185;122;140;8116
"311100 Campestre";651;704;806;898;836;797;791;796;794;793;745;641;543;421;300;221;232;10969
"311110 Campina Verde";544;594;680;752;751;743;749;707;714;781;711;617;501;408;317;212;247;10028
"311115 Campo Azul";144;166;195;195;150;123;134;133;122;117;111;98;93;72;57;49;52;2011
"311120 Campo Belo";1544;1668;1928;2013;1985;2076;2050;1950;1778;1711;1682;1559;1274;916;669;491;569;25863
"311130 Campo do Meio";379;425;473;480;445;417;425;420;404;414;418;381;275;187;140;114;113;5910
"311140 Campo Florido";306;331;359;383;338;335;336;300;270;234;212;162;118;93;69;61;55;3962
"311150 Campos Altos";537;558;637;681;686;701;676;592;532;474;416;366;286;179;133;98;96;7648
"311160 Campos Gerais";966;1047;1207;1248;1117;1062;1087;1079;1017;991;931;776;613;470;340;232;244;14427
"311190 Cana Verde";157;181;210;220;225;228;234;207;190;171;192;198;168;118;81;61;66;2907
"311170 Canaã";131;140;159;185;192;195;195;178;181;177;153;122;104;87;64;55;73;2391
"311180 Canápolis";389;396;443;532;560;627;572;491;413;399;371;283;225;178;139;87;113;6218
"311200 Candeias";374;416;498;564;597;613;585;564;550;555;511;498;426;292;216;168;188;7615
"311205 Cantagalo";184;175;181;204;212;175;152;146;129;106;99;89;84;61;39;36;44;2116
"311210 Caparaó";206;233;280;283;252;252;241;206;191;174;136;127;98;63;40;32;29;2843
"311220 Capela Nova";127;138;180;190;162;155;161;169;173;194;164;133;111;82;66;55;74;2334
"311230 Capelinha";1550;1575;1783;1863;1727;1633;1476;1303;1102;983;838;666;500;354;260;172;166;17951
"311240 Capetinga";246;271;299;321;320;316;313;263;229;224;197;197;187;141;96;74;78;3772
"311250 Capim Branco";293;329;391;405;407;389;362;322;288;298;291;246;183;128;104;71;97;4604
"311260 Capinópolis";547;590;620;652;667;657;639;605;558;554;477;388;320;263;223;167;173;8100
"311265 Capitão Andrade";222;226;211;202;193;179;169;164;150;161;150;125;114;89;64;48;62;2529
"311270 Capitão Enéas";621;673;774;819;766;637;553;464;446;432;364;287;207;163;130;92;86;7514
"311280 Capitólio";249;268;310;340;321;318;320;322;319;308;311;261;201;150;94;78;102;4272
"311290 Caputira";373;402;426;424;391;373;354;331;303;290;266;223;166;133;114;86;100;4755
"311300 Caraí";1060;1123;1200;1142;1052;948;832;675;599;601;541;489;407;317;279;218;233;11716
"311310 Caranaíba";97;114;143;154;135;115;113;107;105;118;123;94;79;54;47;40;30;1668
"311320 Carandaí";755;828;956;1081;1080;1007;949;851;832;858;792;668;498;341;232;154;153;12035
"311330 Carangola";987;1050;1221;1356;1333;1300;1233;1099;1041;1071;1055;921;735;557;405;308;355;16027
"311340 Caratinga";3073;3289;3670;3776;3581;3571;3522;3268;2916;2774;2466;2088;1662;1227;954;743;785;43365
"311350 Carbonita";327;360;412;467;450;386;377;336;324;326;275;208;163;130;103;72;66;4782
"311360 Careaçu";224;233;259;284;274;245;233;238;246;222;204;195;135;112;93;66;75;3338
"311370 Carlos Chagas";641;700;806;867;827;774;733;706;665;635;571;503;411;334;281;205;249;9908
"311380 Carmésia";93;103;123;110;95;91;86;91;82;82;78;65;59;42;31;20;25;1276
"311390 Carmo da Cachoeira";477;484;510;567;528;460;453;404;392;388;367;331;248;177;119;89;92;6086
"311400 Carmo da Mata";319;357;445;492;439;428;455;423;419;408;360;291;231;189;136;111;118;5621
"311410 Carmo de Minas";557;567;620;676;626;591;546;468;443;446;422;357;286;201;136;99;110;7151
"311420 Carmo do Cajuru";708;726;839;944;904;890;855;821;775;738;647;508;405;308;213;143;146;10570
"311430 Carmo do Paranaíba";905;987;1141;1300;1239;1190;1201;1166;1161;1127;1026;861;664;509;357;249;278;15361
"311440 Carmo do Rio Claro";662;711;796;869;860;857;856;829;770;760;721;587;496;376;255;188;191;10784
"311450 Carmópolis de Minas";549;606;752;822;786;780;742;706;670;643;583;484;370;286;190;166;162;9297
"311455 Carneirinho";288;306;361;388;411;440;419;399;380;333;303;266;224;178;130;93;106;5025
"311460 Carrancas";126;140;159;166;162;140;135;133;136;142;144;130;105;73;61;53;46;2051
"311470 Carvalhópolis";110;119;137;144;119;109;111;112;116;123;120;114;93;70;54;46;57;1754
"311480 Carvalhos";103;120;158;195;187;176;164;147;168;201;178;152;121;100;73;51;63;2357
"311490 Casa Grande";65;75;96;104;93;94;96;89;91;77;66;53;42;45;34;24;26;1170
"311500 Cascalho Rico";102;97;103;117;101;107;117;126;124;123;107;89;74;76;56;34;40;1593
"311510 Cássia";557;624;699;735;717;673;655;617;585;580;581;541;474;344;256;175;166;8979
"311530 Cataguases";2009;2175;2530;2839;2893;2896;2839;2670;2489;2604;2495;2101;1608;1190;905;670;703;35616
"311535 Catas Altas";176;187;230;234;210;198;200;208;188;173;141;110;83;66;43;30;30;2507
"311540 Catas Altas da Noruega";114;125;154;172;161;150;146;134;126;118;95;85;75;59;41;23;31;1809
"311545 Catuji";302;321;348;350;306;260;228;206;194;181;155;129;106;80;66;51;45;3328
"311547 Catuti";193;228;258;257;229;195;184;176;171;166;149;122;103;75;61;41;30;2638
"311550 Caxambu";651;727;822;881;831;782;802;744;701;715;712;627;512;392;304;208;243;10654
"311560 Cedro do Abaeté";34;41;49;54;43;32;36;49;53;39;42;37;36;27;21;18;15;626
"311570 Central de Minas";215;247;269;265;252;236;239;250;228;235;219;183;159;129;111;78;77;3392
"311580 Centralina";340;360;396;429;418;424;390;379;351;357;335;286;247;207;165;123;122;5329
"311590 Chácara";76;88;113;130;114;95;96;93;97;119;120;96;75;54;49;41;33;1489
"311600 Chalé";187;200;228;235;230;237;235;212;183;185;187;168;132;85;66;56;77;2903
"311610 Chapada do Norte";640;707;830;849;796;731;616;490;403;357;306;263;219;158;115;81;63;7624
"311615 Chapada Gaúcha";592;574;624;647;644;647;543;389;308;276;248;209;183;131;97;69;69;6250
"311620 Chiador";90;93;105;101;98;95;87;87;92;100;101;82;70;53;37;26;25;1342
"311630 Cipotânea";197;226;278;315;312;298;268;239;220;237;216;148;122;118;88;76;80;3438
"311640 Claraval";167;172;191;200;202;196;185;163;145;154;162;158;123;92;62;39;33;2444
"311650 Claro dos Poções";262;286;306;341;354;323;289;280;280;275;237;198;158;122;107;81;68;3967
"311660 Cláudio";938;977;1080;1174;1227;1272;1243;1129;984;897;776;631;485;347;247;184;191;13782
"311670 Coimbra";218;252;305;297;266;270;286;266;255;262;249;216;163;123;92;76;94;3690
"311680 Coluna";353;381;448;450;403;364;335;319;288;269;219;185;151;129;109;71;61;4535
"311690 Comendador Gomes";112;111;111;116;130;162;158;120;106;112;114;86;65;50;34;22;25;1634
"311700 Comercinho";277;315;360;373;339;286;277;252;247;264;224;196;170;147;122;89;107;4045
"311710 Conceição da Aparecida";357;386;410;393;393;409;405;384;360;357;318;273;217;162;119;94;108;5145
"311520 Conceição da Barra de Minas";110;130;168;186;172;165;161;157;153;156;130;104;87;72;57;44;43;2095
"311730 Conceição das Alagoas";1019;1028;1103;1196;1258;1366;1219;1007;876;800;668;515;387;270;183;125;131;13151
"311720 Conceição das Pedras";74;84;105;116;116;120;122;107;119;123;94;89;72;49;38;29;45;1502
"311740 Conceição de Ipanema";154;161;160;168;162;152;156;169;186;173;166;141;102;77;68;50;53;2298
"311750 Conceição do Mato Dentro";687;758;864;877;849;736;665;589;549;524;468;430;346;246;194;150;169;9101
"311760 Conceição do Pará";177;189;204;217;208;215;209;205;194;182;166;152;137;100;74;55;60;2744
"311770 Conceição do Rio Verde";482;493;551;588;547;516;483;456;446;451;420;367;289;220;181;121;107;6718
"311780 Conceição dos Ouros";387;396;440;489;479;445;447;426;406;378;352;302;222;158;113;83;89;5612
"311783 Cônego Marinho";278;320;374;377;347;296;264;236;214;194;182;159;140;133;96;61;81;3752
"311787 Confins";196;225;268;292;271;244;249;249;229;210;193;152;109;75;56;38;36;3092
"311790 Congonhal";323;361;406;425;425;460;476;444;433;420;386;328;261;216;161;106;104;5735
"311800 Congonhas";1706;1766;1986;2286;2355;2374;2227;1860;1668;1711;1564;1274;893;595;398;282;262;25207
"311810 Congonhas do Norte";186;219;255;252;220;183;190;181;150;131;122;113;98;82;61;50;49;2542
"311820 Conquista";203;223;267;287;299;285;283;240;224;229;220;186;158;114;79;55;63;3415
"311830 Conselheiro Lafaiete";3750;3948;4432;5052;5371;5622;5294;4444;3866;3875;3763;3214;2400;1659;1105;703;691;59189
"311840 Conselheiro Pena";802;860;965;1012;899;790;742;732;724;696;641;559;467;374;278;213;255;11009
"311850 Consolação";52;59;68;68;63;58;62;62;61;70;61;55;47;42;32;26;20;906
"311860 Contagem";20471;21256;24015;26720;27543;29246;28937;25672;22190;20082;17402;14285;10438;7338;4925;3129;2641;306290
"311870 Coqueiral";287;320;377;389;367;342;319;322;321;314;313;283;230;156;123;102;96;4661
"311880 Coração de Jesus";1036;1061;1130;1248;1236;1121;1052;933;885;856;742;602;485;401;302;205;201;13496
"311890 Cordisburgo";237;259;316;369;402;386;359;336;310;313;297;261;214;170;133;104;97;4563
"311900 Cordislândia";133;143;150;150;136;130;130;120;127;120;105;100;87;70;47;32;29;1809
"311910 Corinto";803;879;991;1030;972;933;887;795;770;775;765;667;523;386;297;222;246;11941
"311920 Coroaci";320;373;482;515;440;401;371;333;321;320;313;282;206;166;157;114;115;5229
"311930 Coromandel";838;892;1010;1104;1106;1095;1091;1054;1087;1117;996;839;678;502;346;221;200;14176
"311940 Coronel Fabriciano";3523;3709;4227;4586;4525;4600;4408;3867;3424;3330;3121;2646;1948;1344;976;718;724;51676
"311950 Coronel Murta";318;348;408;438;416;405;382;313;292;286;279;245;178;130;115;101;96;4750
"311960 Coronel Pacheco";84;95;109;126;123;113;121;111;104;126;120;90;67;56;38;27;33;1543
"311970 Coronel Xavier Chaves";109;111;122;129;127;119;130;132;117;125;123;87;74;67;46;34;32;1684
"311980 Córrego Danta";90;113;127;123;117;111;109;110;123;132;133;126;105;96;74;51;43;1783
"311990 Córrego do Bom Jesus";96;109;121;135;132;127;116;121;132;145;145;129;130;107;87;65;65;1962
"311995 Córrego Fundo";166;192;240;249;257;256;273;264;227;238;209;160;126;91;78;60;43;3129
"312000 Córrego Novo";111;116;115;113;114;111;116;108;90;94;99;90;77;52;36;30;45;1517
"312010 Couto de Magalhães de Minas";159;168;192;220;206;169;153;153;142;140;127;98;76;60;47;31;32;2173
"312015 Crisólita";268;276;302;303;284;255;239;213;204;193;154;120;102;98;87;62;58;3218
"312020 Cristais";427;447;462;466;479;549;507;441;404;378;360;323;263;206;161;108;111;6092
"312030 Cristália";285;311;365;359;307;271;213;178;156;130;111;94;75;55;34;26;30;3000
"312040 Cristiano Otoni";179;200;233;235;223;205;211;204;172;173;142;115;104;66;44;33;24;2563
"312050 Cristina";305;334;415;450;438;424;387;391;383;379;353;299;234;185;135;91;97;5300
"312060 Crucilândia";144;164;188;188;171;173;184;179;204;209;167;146;125;90;73;57;57;2519
"312070 Cruzeiro da Fortaleza";168;182;177;171;168;154;143;148;157;149;117;92;77;57;42;33;35;2070
"312080 Cruzília";430;466;578;657;634;579;534;498;541;561;504;431;328;248;195;157;141;7482
"312083 Cuparaque";186;198;218;220;200;192;177;173;164;151;146;124;92;68;47;36;40;2432
"312087 Curral de Dentro";313;327;370;362;334;301;277;250;211;203;167;158;128;100;82;52;56;3691
"312090 Curvelo";2482;2739;3192;3366;3358;3202;2902;2630;2571;2510;2210;1812;1417;1078;826;623;615;37533
"312100 Datas";202;220;243;264;251;204;174;164;166;167;145;124;93;65;47;34;40;2603
"312110 Delfim Moreira";247;280;339;382;350;315;291;293;323;328;295;246;199;126;102;68;82;4266
"312120 Delfinópolis";219;240;299;315;275;261;286;273;266;262;245;211;158;123;92;56;65;3646
"312125 Delta";428;428;430;456;550;634;556;471;325;242;188;146;115;72;48;31;32;5152
"312130 Descoberto";148;156;178;203;207;199;197;163;148;168;164;142;122;90;69;56;64;2474
"312140 Desterro de Entre Rios";194;225;258;274;279;296;300;256;244;256;247;214;170;147;119;94;93;3666
"312150 Desterro do Melo";84;92;104;111;118;118;116;124;114;114;110;89;74;58;40;33;40;1539
"312160 Diamantina";1576;1727;2021;2267;2273;2109;1830;1593;1467;1431;1260;962;720;547;414;293;316;22806
"312170 Diogo de Vasconcelos";119;137;168;167;155;127;110;126;133;126;123;112;95;79;61;47;60;1945
"312180 Dionísio";243;271;306;349;353;348;326;287;298;299;284;216;169;144;115;85;109;4202
"312190 Divinésia";125;128;126;137;139;133;127;116;111;113;117;103;66;44;38;32;36;1691
"312200 Divino";729;817;908;852;808;763;736;686;640;643;599;518;409;279;215;166;189;9957
"312210 Divino das Laranjeiras";173;188;209;221;200;161;161;159;166;178;145;129;110;99;82;55;72;2508
"312220 Divinolândia de Minas";280;297;325;391;380;292;252;206;195;211;200;159;129;102;76;58;75;3628
"312230 Divinópolis";6500;7054;8129;9161;9521;9896;9526;8788;7929;7656;7107;5776;4329;3072;2087;1464;1401;109396
"312235 Divisa Alegre";276;305;341;306;297;262;233;206;189;172;138;106;89;68;50;38;33;3109
"312240 Divisa Nova";230;240;258;263;251;227;217;209;188;188;183;156;128;104;85;68;69;3064
"312245 Divisópolis";377;414;437;466;467;456;419;350;322;314;262;209;183;139;107;85;95;5102
"312247 Dom Bosco";127;154;180;183;174;143;146;132;132;141;127;110;91;63;49;29;35;2016
"312250 Dom Cavati";156;181;221;223;195;174;162;157;146;153;145;143;128;104;83;71;89;2531
"312260 Dom Joaquim";155;165;195;207;195;165;152;156;142;133;134;107;93;75;65;50;55;2244
"312270 Dom Silvério";127;147;177;198;178;157;164;179;185;200;184;138;118;109;97;76;98;2532
"312280 Dom Viçoso";80;82;105;124;104;98;113;116;131;124;117;100;76;65;56;38;30;1559
"312290 Dona Eusébia";194;214;255;279;269;249;239;231;227;229;216;174;118;85;61;48;63;3151
"312300 Dores de Campos";288;311;358;396;400;378;374;351;362;369;346;282;222;155;100;70;65;4827
"312310 Dores de Guanhães";176;208;240;228;207;173;170;185;175;187;180;133;99;79;73;61;54;2628
"312320 Dores do Indaiá";354;417;521;572;503;433;455;451;464;509;474;391;347;276;227;174;191;6759
"312330 Dores do Turvo";110;137;178;190;185;153;144;163;159;168;170;142;118;94;74;57;58;2300
"312340 Doresópolis";51;55;57;58;60;50;57;64;68;50;50;43;34;28;17;12;14;768
"312350 Douradoquara";56;57;58;76;80;76;67;75;81;69;64;53;61;50;31;22;15;991
"312352 Durandé";302;319;356;372;351;338;320;260;238;243;220;170;129;92;68;59;62;3899
"312360 Elói Mendes";923;949;1049;1107;1061;1058;1039;949;859;873;833;695;563;444;306;210;212;13130
"312370 Engenheiro Caldas";391;421;496;514;440;388;362;335;310;317;280;243;201;146;109;84;101;5138
"312380 Engenheiro Navarro";274;280;317;348;312;286;264;243;234;235;223;188;145;116;86;64;61;3676
"312385 Entre Folhas";165;182;217;216;205;193;180;183;175;188;174;138;110;80;72;63;71;2612
"312390 Entre Rios de Minas";442;473;545;607;602;593;582;564;530;535;463;384;321;262;198;131;129;7361
"312400 Ervália";599;642;734;785;810;789;766;707;648;610;553;467;367;272;205;160;172;9286
"312410 Esmeraldas";2512;2596;3002;3250;2956;2471;2393;2326;2174;2056;1832;1567;1171;809;611;416;355;32497
"312420 Espera Feliz";813;863;1011;1072;994;1008;983;864;762;769;710;650;506;368;260;177;205;12015
"312430 Espinosa";1150;1186;1305;1452;1522;1425;1242;1037;924;891;813;695;568;462;359;258;319;15608
"312440 Espírito Santo do Dourado";122;133;164;185;195;180;174;170;181;183;172;149;124;102;79;51;53;2417
"312450 Estiva";325;351;388;446;470;488;460;432;426;411;364;324;268;206;157;120;121;5757
"312460 Estrela Dalva";76;84;82;95;108;89;82;75;74;84;86;77;64;59;42;25;30;1232
"312470 Estrela do Indaiá";95;110;131;135;122;121;118;117;129;137;130;114;91;87;66;43;48;1794
"312480 Estrela do Sul";245;269;307;345;348;338;314;288;275;300;280;218;166;122;95;69;73;4052
"312490 Eugenópolis";338;356;384;398;426;463;435;386;361;370;368;320;259;214;144;116;157;5495
"312500 Ewbank da Câmara";136;138;155;176;165;152;132;139;136;141;122;88;71;54;39;27;25;1896
"312510 Extrema";1048;1091;1242;1381;1467;1557;1437;1197;1016;947;895;785;621;466;346;220;197;15913
"312520 Fama";57;64;78;78;84;80;74;78;83;101;94;91;75;52;41;24;35;1189
"312530 Faria Lemos";120;126;140;145;144;120;103;105;104;106;109;104;86;57;46;45;49;1709
"312540 Felício dos Santos";183;220;258;247;205;167;162;143;166;189;144;113;96;81;63;45;55;2537
"312560 Felisburgo";262;282;339;376;319;257;229;227;226;224;197;158;162;144;109;80;75;3666
"312570 Felixlândia";487;511;577;627;608;556;534;522;499;502;482;416;337;244;176;139;132;7349
"312580 Fernandes Tourinho";102;126;147;157;141;110;107;101;99;104;113;89;66;52;46;40;43;1643
"312590 Ferros";335;373;431;438;380;337;356;379;373;378;349;257;232;184;168;158;159;5287
"312595 Fervedouro";436;462;500;510;483;466;463;418;363;324;276;248;192;143;100;70;64;5518
"312600 Florestal";198;227;267;304;292;260;254;251;241;231;207;177;141;124;95;65;67;3401
"312610 Formiga";1754;1978;2355;2632;2759;2880;2735;2450;2353;2432;2222;1888;1470;1075;840;603;616;33042
"312620 Formoso";401;404;403;449;458;397;364;304;256;266;248;192;155;110;74;57;55;4593
"312630 Fortaleza de Minas";140;154;176;175;166;164;157;145;149;151;151;143;100;73;60;35;34;2173
"312640 Fortuna de Minas";97;101;115;130;116;118;107;105;106;100;89;69;60;47;39;29;25;1453
"312650 Francisco Badaró";275;343;454;509;540;562;446;349;340;319;307;257;203;161;121;90;114;5390
"312660 Francisco Dumont";214;217;229;239;227;208;195;188;162;154;147;128;100;70;51;47;57;2633
"312670 Francisco Sá";965;1044;1192;1270;1255;1174;1086;917;846;837;689;563;509;400;289;205;177;13418
"312675 Franciscópolis";226;249;291;280;247;217;193;193;169;172;161;150;113;90;67;48;71;2937
"312680 Frei Gaspar";256;265;278;256;244;226;231;209;183;191;156;117;102;85;79;63;75;3016
"312690 Frei Inocêncio";359;397;444;442;386;338;329;311;287;283;235;184;149;113;105;79;83;4524
"312695 Frei Lagonegro";131;143;162;158;151;157;160;136;108;89;74;73;62;44;37;29;26;1740
"312700 Fronteira";650;644;639;678;697;769;768;643;525;464;408;359;288;216;146;90;82;8066
"312705 Fronteira dos Vales";173;188;210;214;179;163;178;155;153;152;135;122;108;99;78;56;45;2408
"312707 Fruta de Leite";280;304;331;315;260;220;204;164;133;131;126;122;113;94;69;57;50;2973
"312710 Frutal";1822;1921;2053;2312;2542;2706;2519;2236;1994;1900;1708;1405;1110;846;618;452;466;28610
"312720 Funilândia";155;168;182;176;150;150;155;144;141;138;128;100;75;69;49;38;35;2053
"312730 Galiléia";238;270;310;302;266;231;235;239;228;221;209;181;157;126;91;59;77;3440
"312733 Gameleiras";197;208;212;248;262;212;195;182;157;163;151;135;105;91;62;39;36;2655
"312735 Glaucilândia";103;110;137;136;120;118;115;114;106;101;85;69;62;58;46;27;33;1540
"312737 Goiabeira";119;120;117;127;121;102;110;105;101;103;105;97;69;52;40;34;30;1552
"312738 Goianá";110;125;145;154;145;129;131;130;118;149;136;108;98;75;62;51;62;1928
"312740 Gonçalves";121;132;172;178;150;147;157;169;160;178;159;132;125;97;69;42;39;2227
"312750 Gonzaga";234;257;308;312;265;237;206;175;170;178;163;142;118;86;61;47;52;3011
"312760 Gouveia";356;398;484;548;533;509;441;368;372;374;334;299;252;183;126;96;88;5761
"312770 Governador Valadares";9322;9999;11241;11710;11172;11065;10606;9409;8529;8354;7268;5980;4697;3516;2645;1954;1990;129457
"312780 Grão Mogol";612;656;797;855;798;713;625;534;460;441;386;309;257;191;137;91;109;7971
"312790 Grupiara";46;48;49;52;49;48;53;55;59;52;50;44;31;24;25;16;17;718
"312800 Guanhães";1060;1180;1443;1578;1508;1337;1258;1132;1009;962;864;732;560;451;342;222;258;15896
"312810 Guapé";444;491;577;598;577;569;557;559;535;554;515;445;329;250;182;115;130;7427
"312820 Guaraciaba";284;327;395;407;404;440;411;371;351;346;360;328;236;187;156;122;134;5259
"312825 Guaraciama";175;171;189;211;218;204;197;178;166;165;143;123;98;75;55;38;31;2437
"312830 Guaranésia";571;607;728;870;851;857;787;702;661;644;601;523;424;303;214;153;176;9672
"312840 Guarani";269;291;326;368;389;384;326;300;310;330;313;242;192;157;122;94;117;4530
"312850 Guarará";118;136;166;175;162;142;153;140;118;126;122;109;83;61;48;36;46;1941
"312860 Guarda-Mor";246;255;277;302;291;267;256;238;259;260;220;173;133;103;81;49;36;3446
"312870 Guaxupé";1486;1615;1853;2093;2173;2170;2021;1853;1779;1761;1703;1456;1149;842;568;394;452;25368
"312880 Guidoval";218;244;270;297;299;279;264;245;252;274;251;207;172;129;100;69;93;3663
"312890 Guimarânia";251;286;331;341;321;290;283;273;275;267;234;199;171;133;104;74;61;3894
"312900 Guiricema";230;250;312;337;320;334;330;298;302;344;334;280;247;186;136;104;112;4456
"312910 Gurinhatã";170;194;217;221;186;160;191;230;240;245;225;197;195;171;145;110;90;3187
"312920 Heliodora";212;223;237;249;240;230;240;232;212;235;221;193;175;130;85;53;67;3234
"312930 Iapu";349;378;449;485;441;402;390;363;360;371;316;241;216;174;131;101;134;5301
"312940 Ibertioga";173;177;192;224;204;180;180;193;197;192;161;131;106;95;71;45;42;2563
"312950 Ibiá";793;826;928;1048;1058;1116;1076;956;855;857;826;661;477;349;249;162;169;12406
"312960 Ibiaí";335;343;376;400;397;359;348;295;233;226;223;199;150;107;80;59;60;4190
"312965 Ibiracatu";241;266;328;342;298;260;228;192;186;192;156;135;107;99;76;56;61;3223
"312970 Ibiraci";513;501;508;566;614;601;574;521;444;399;393;357;264;193;138;99;77;6762
"312980 Ibirité";6590;6651;7585;8190;7684;7474;7330;6725;5792;5039;4074;3334;2342;1464;949;602;477;82302
"312990 Ibitiúra de Minas";88;104;138;142;131;138;131;131;137;127;112;111;101;73;57;42;37;1800
"313000 Ibituruna";100;117;130;116;117;109;104;110;102;97;94;81;73;56;41;24;26;1497
"313005 Icaraí de Minas";471;500;564;604;636;616;532;404;326;273;232;196;163;125;98;71;69;5880
"313010 Igarapé";1425;1496;1688;1752;1666;1645;1598;1484;1325;1186;1011;848;666;503;367;241;215;19116
"313020 Igaratinga";351;377;437;484;495;477;420;393;352;308;284;218;179;129;91;68;63;5126
"313030 Iguatama";216;237;257;307;363;353;310;289;299;297;305;251;198;142;104;70;67;4065
"313040 Ijaci";201;240;269;265;252;236;258;234;219;208;167;151;135;99;68;52;55;3109
"313050 Ilicínea";404;428;507;549;511;486;453;407;402;403;371;331;280;195;135;101;108;6071
"313055 Imbé de Minas";254;277;307;297;276;262;256;252;234;213;200;161;126;101;84;57;61;3418
"313060 Inconfidentes";191;206;249;288;279;282;292;294;286;271;249;212;167;127;89;63;75;3620
"313065 Indaiabira";259;285;368;408;347;287;268;236;216;221;208;170;149;119;91;67;74;3773
"313070 Indianópolis";241;257;295;304;298;290;277;263;242;229;198;144;112;89;66;47;38;3390
"313080 Ingaí";83;92;112;133;116;101;107;106;113;112;98;85;59;45;30;19;24;1435
"313090 Inhapim";775;870;1009;1024;931;876;875;896;866;832;804;665;523;409;328;273;311;12267
"313100 Inhaúma";173;211;283;285;271;272;248;210;202;178;163;157;126;88;63;49;49;3028
"313110 Inimutaba";229;250;311;340;320;283;273;253;226;217;201;181;147;116;91;66;76;3580
"313115 Ipaba";700;707;810;890;869;799;729;650;535;495;411;353;274;200;170;131;126;8849
"313120 Ipanema";601;649;722;736;719;706;704;659;625;613;542;485;423;333;262;191;229;9199
"313130 Ipatinga";8239;8681;9584;10501;10839;11315;10797;9374;8099;7482;6904;6544;4957;3161;2183;1449;1395;121504
"313140 Ipiaçu";123;133;144;150;170;183;168;154;141;155;142;106;98;89;72;61;55;2144
"313150 Ipuiúna";294;336;381;418;443;392;364;383;385;398;342;296;216;173;129;70;76;5096
"313160 Iraí de Minas";264;270;280;305;293;280;276;256;248;244;200;174;123;100;82;52;46;3493
"313170 Itabira";3713;3937;4344;4771;4832;4888;4763;4289;3833;3713;3329;2713;2026;1442;1047;708;762;55110
"313180 Itabirinha";403;421;461;473;444;461;480;440;355;313;306;255;204;169;131;103;121;5540
"313190 Itabirito";1597;1683;1884;2081;2117;2203;2112;1861;1605;1553;1424;1154;864;622;417;285;283;23745
"313200 Itacambira";172;204;255;290;267;244;225;192;168;163;143;120;101;93;73;45;36;2791
"313210 Itacarambi";823;823;961;1008;890;744;632;570;512;480;388;320;257;205;172;115;117;9017
"313220 Itaguara";384;415;470;532;515;497;539;522;477;474;431;354;282;210;164;120;138;6524
"313230 Itaipé";573;609;703;676;574;546;500;429;362;285;233;204;162;135;112;79;79;6261
"313240 Itajubá";2871;3038;3490;3979;4158;4171;3843;3402;3136;3091;2931;2461;1854;1361;948;701;765;46200
"313250 Itamarandiba";1378;1463;1659;1688;1629;1533;1370;1175;973;902;810;637;520;408;315;202;177;16839
"313260 Itamarati de Minas";101;109;135;166;183;186;167;161;163;174;157;134;108;80;62;48;50;2184
"313270 Itambacuri";894;948;1105;1111;995;876;778;705;626;651;627;477;377;304;262;229;272;11237
"313280 Itambé do Mato Dentro";70;75;81;102;101;87;81;75;76;80;83;67;55;46;34;22;25;1160
"313290 Itamogi";283;316;395;459;459;423;389;352;340;382;398;356;274;189;139;100;95;5349
"313300 Itamonte";474;503;567;613;622;651;629;570;498;516;464;391;337;229;155;117;118;7454
"313310 Itanhandu";486;523;539;574;615;589;590;539;510;512;472;367;295;239;162;118;115;7245
"313320 Itanhomi";441;471;495;516;484;445;390;385;390;386;361;289;240;196;165;127;157;5938
"313330 Itaobim";795;862;995;999;895;827;814;715;620;651;590;468;398;350;276;201;229;10685
"313340 Itapagipe";378;415;483;558;665;771;700;607;578;523;454;381;293;245;197;152;149;7549
"313350 Itapecerica";596;661;752;820;836;806;768;778;789;768;678;634;567;460;358;255;285;10811
"313360 Itapeva";297;329;357;380;409;406;372;360;323;300;277;246;225;176;121;87;87;4752
"313370 Itatiaiuçu";356;373;447;485;450;424;430;415;371;344;293;248;221;175;132;95;69;5328
"313375 Itaú de Minas";450;488;572;651;653;635;565;506;530;557;537;453;347;264;185;137;125;7655
"313380 Itaúna";2608;2806;3279;3707;3835;3918;3811;3410;3135;3194;2927;2354;1754;1238;821;569;553;43919
"313390 Itaverava";191;226;254;252;246;233;218;213;198;189;188;164;122;92;63;46;51;2946
"313400 Itinga";581;629;743;750;667;611;541;495;444;395;361;314;285;249;194;150;173;7582
"313410 Itueta";172;208;253;253;228;208;218;219;194;209;203;177;147;122;98;64;76;3049
"313420 Ituiutaba";3059;3278;3628;4080;4229;4203;3996;3772;3463;3369;3003;2534;2093;1700;1379;994;1110;49890
"313430 Itumirim";187;190;210;246;247;245;257;237;214;222;203;171;146;105;85;65;45;3075
"313440 Iturama";1160;1237;1450;1636;1659;1716;1614;1423;1322;1256;1052;835;649;490;363;259;277;18398
"313450 Itutinga";108;115;140;162;168;152;130;142;147;163;149;121;96;73;56;32;27;1981
"313460 Jaboticatubas";574;603;729;804;721;697;698;671;650;637;590;524;434;339;299;194;178;9342
"313470 Jacinto";484;501;519;516;483;475;477;428;427;415;360;307;273;239;205;140;161;6410
"313480 Jacuí";235;260;305;315;291;294;301;274;251;257;257;255;222;149;112;79;94;3951
"313490 Jacutinga";833;856;885;957;1049;1084;1021;925;851;796;728;608;466;342;250;183;195;12029
"313500 Jaguaraçu";101;112;122;131;129;132;127;109;93;93;107;91;65;51;36;25;27;1551
"313505 Jaíba";1719;1737;1859;1916;1887;1807;1599;1238;1010;918;754;629;506;373;268;164;121;18505
"313507 Jampruca";215;231;247;258;221;200;183;164;161;161;156;135;103;76;65;54;62;2692
"313510 Janaúba";2644;2763;3115;3366;3277;3079;2831;2447;2131;1987;1682;1372;1081;814;583;394;422;33988
"313520 Januária";2812;2869;3142;3291;3051;2764;2472;2023;1799;1819;1714;1442;1198;964;698;498;599;33155
"313530 Japaraíba";157;168;184;188;183;191;185;163;152;131;111;94;78;52;36;26;21;2120
"313535 Japonvar";289;310;387;442;427;379;343;261;245;243;230;219;170;126;103;72;68;4314
"313540 Jeceaba";143;158;205;224;204;208;198;194;204;205;191;153;125;89;65;51;45;2662
"313545 Jenipapo de Minas";280;324;392;415;425;400;335;256;203;184;166;126;97;88;63;38;44;3836
"313550 Jequeri";405;445;520;549;512;498;511;461;424;429;388;341;292;237;173;140;167;6492
"313560 Jequitaí";273;298;328;361;356;312;285;255;249;248;252;222;161;130;99;72;85;3986
"313570 Jequitibá";168;185;206;227;223;207;193;201;197;175;160;139;124;95;77;60;58;2695
"313580 Jequitinhonha";1007;1089;1181;1116;974;922;904;845;771;757;683;582;488;421;357;267;304;12668
"313590 Jesuânia";116;140;197;213;204;199;198;195;165;162;170;151;122;98;73;53;54;2510
"313600 Joaíma";663;707;757;734;655;567;512;471;460;433;393;328;276;249;205;166;164;7740
"313610 Joanésia";132;148;212;239;204;169;160;167;187;187;169;147;114;100;94;68;79;2576
"313620 João Monlevade";2301;2505;2904;3118;3032;3074;2933;2633;2480;2626;2412;1903;1451;1140;824;596;603;36535
"313630 João Pinheiro";1735;1871;2146;2280;2157;2059;1924;1699;1644;1558;1326;1058;854;626;449;310;306;24002
"313640 Joaquim Felício";150;159;187;207;211;193;171;155;137;155;130;118;111;88;69;42;45;2328
"313650 Jordânia";371;429;512;531;497;419;378;355;321;321;300;254;220;190;157;125;117;5497
"313652 José Gonçalves de Minas";205;211;242;264;264;247;213;170;129;112;85;79;64;41;29;16;12;2383
"313655 José Raydan";173;188;204;218;196;182;175;160;156;150;131;96;99;78;64;53;40;2363
"313657 Josenópolis";232;243;286;285;242;211;176;130;116;113;105;98;70;51;36;22;19;2435
"313665 Juatuba";903;961;1074;1128;1094;1084;1014;907;819;732;664;566;452;310;220;159;129;12216
"313670 Juiz de Fora";15065;16330;18724;21321;22439;22515;21146;18895;17141;17728;16911;14412;11132;8078;5449;3881;4207;255374
"313680 Juramento";144;150;188;205;186;176;166;171;138;119;116;104;82;63;50;27;23;2108
"313690 Juruaia";325;343;402;443;448;435;406;352;322;328;288;248;213;167;109;74;76;4979
"313695 Juvenília";247;273;299;293;270;235;200;187;177;157;148;135;108;81;65;44;52;2971
"313700 Ladainha";818;844;947;912;794;704;645;550;462;439;379;323;275;219;168;115;139;8733
"313710 Lagamar";206;233;282;311;282;262;275;298;316;303;282;250;210;174;124;86;81;3975
"313720 Lagoa da Prata";1555;1674;1976;2166;2159;2163;2096;1907;1722;1647;1475;1192;879;617;431;285;305;24249
"313730 Lagoa dos Patos";164;184;208;220;207;181;172;156;131;122;107;88;79;64;47;33;44;2207
"313740 Lagoa Dourada";444;477;542;572;564;563;587;516;426;414;373;307;249;188;128;95;104;6549
"313750 Lagoa Formosa";504;580;667;692;704;646;626;673;713;670;584;500;416;325;270;186;185;8941
"313753 Lagoa Grande";310;355;431;437;412;397;381;361;356;321;256;198;180;147;113;63;55;4773
"313760 Lagoa Santa";1828;1938;2314;2482;2347;2412;2357;2180;2031;1977;1810;1412;998;732;516;364;377;28075
"313770 Lajinha";734;772;856;883;842;876;850;741;660;591;517;471;387;282;204;149;182;9997
"313780 Lambari";663;707;789;846;808;751;737;673;671;688;661;556;450;350;260;188;189;9987
"313790 Lamim";118;122;132;132;115;116;119;135;139;119;107;100;82;68;60;38;46;1748
"313800 Laranjal";177;189;210;248;243;256;271;241;212;240;244;208;174;150;103;80;101;3347
"313810 Lassance";257;278;323;330;310;262;234;206;196;194;191;169;131;99;73;50;54;3357
"313820 Lavras";2879;3145;3586;4049;4244;4258;4045;3510;3164;3195;2947;2592;1926;1329;945;684;721;47219
"313830 Leandro Ferreira";100;111;134;129;138;144;120;111;110;102;99;87;84;65;48;33;38;1653
"313835 Leme do Prado";172;194;236;248;262;248;194;177;153;149;118;92;66;41;38;32;25;2445
"313840 Leopoldina";1565;1687;1897;2045;2037;1955;1908;1833;1780;1741;1591;1379;1159;878;658;485;486;25084
"313850 Liberdade";155;178;200;210;190;173;179;207;201;192;176;156;131;111;97;71;65;2692
"313860 Lima Duarte";504;565;623;649;642;588;573;595;583;652;614;493;369;298;226;165;188;8327
"313862 Limeira do Oeste";218;234;268;300;327;339;325;275;253;258;252;195;136;103;83;61;63;3690
"313865 Lontra";324;351;406;437;438;402;343;288;271;259;239;205;173;144;104;77;92;4553
"313867 Luisburgo";243;249;286;294;282;283;241;212;221;213;206;154;117;94;66;55;51;3267
"313868 Luislândia";281;304;343;343;312;287;263;231;217;187;151;129;104;86;70;49;35;3392
"313870 Luminárias";180;197;225;231;202;194;212;203;203;213;200;162;138;104;84;55;44;2847
"313880 Luz";508;572;694;751;770;730;673;644;613;637;580;488;422;325;231;160;161;8959
"313890 Machacalis";260;289;319;313;285;269;271;256;250;239;207;173;143;129;112;81;99;3695
"313900 Machado";1428;1500;1654;1750;1766;1729;1622;1477;1337;1304;1207;1028;809;585;395;258;309;20158
"313910 Madre de Deus de Minas";153;154;190;219;192;181;187;179;175;197;189;152;112;87;60;49;51;2527
"313920 Malacacheta";674;747;907;940;815;711;631;590;568;549;518;426;372;274;212;164;182;9280
"313925 Mamonas";175;196;231;270;275;252;250;242;229;222;217;181;150;139;105;66;74;3274
"313930 Manga";815;884;1043;1025;868;748;653;585;557;543;462;383;320;254;203;150;177;9670
"313940 Manhuaçu";3390;3475;3639;3704;3608;3563;3497;3125;2679;2565;2218;1828;1417;998;701;512;552;41471
"313950 Manhumirim";797;837;943;961;904;870;869;811;714;711;638;532;414;290;236;179;180;10886
"313960 Mantena";922;991;1087;1081;1014;1050;1034;978;927;883;800;709;558;409;325;252;313;13333
"313980 Mar de Espanha";364;378;431;495;529;503;458;419;415;423;393;321;249;197;157;114;126;5972
"313970 Maravilhas";282;297;317;347;345;306;294;293;272;258;239;173;142;103;68;48;44;3828
"313990 Maria da Fé";467;514;601;649;624;557;512;500;509;507;478;406;301;235;164;105;127;7256
"314000 Mariana";1968;2056;2354;2683;2718;2707;2531;2136;1838;1752;1563;1237;950;633;412;275;262;28075
"314010 Marilac";150;176;223;207;185;164;144;133;119;110;99;91;71;58;47;41;54;2072
"314015 Mário Campos";550;579;648;692;673;604;573;532;469;456;383;304;231;161;109;71;64;7099
"314020 Maripá de Minas";90;93;97;116;113;109;108;93;99;106;92;77;67;56;43;35;38;1432
"314030 Marliéria";135;149;167;171;148;137;158;146;127;147;127;102;92;70;52;43;53;2024
"314040 Marmelópolis";78;83;111;137;115;114;116;103;109;110;103;84;66;50;42;29;26;1476
"314050 Martinho Campos";404;440;511;561;559;524;500;495;484;449;411;348;275;210;159;127;134;6591
"314053 Martins Soares";293;301;337;346;341;337;330;283;246;238;212;182;157;110;75;57;68;3913
"314055 Mata Verde";298;331;409;425;405;361;325;296;291;259;207;167;142;141;104;77;95;4333
"314060 Materlândia";169;173;201;233;201;179;173;140;140;141;122;100;81;68;66;52;50;2289
"314070 Mateus Leme";1046;1135;1243;1282;1232;1227;1184;1047;957;930;823;666;573;440;315;226;206;14532
"317150 Mathias Lobato";152;163;165;172;156;128;108;84;80;85;91;84;66;51;32;21;30;1668
"314080 Matias Barbosa";404;466;559;603;567;540;525;480;470;494;468;399;317;237;165;120;121;6935
"314085 Matias Cardoso";522;520;558;568;552;490;395;327;267;253;243;192;160;124;84;61;70;5386
"314090 Matipó";778;818;894;865;795;731;679;641;548;529;474;377;279;212;165;125;132;9042
"314100 Mato Verde";393;427;480;557;601;534;487;482;432;418;381;291;249;197;143;102;129;6303
"314110 Matozinhos";1213;1284;1463;1638;1597;1579;1568;1397;1215;1159;1007;768;572;411;309;225;198;17603
"314120 Matutina";89;107;139;150;130;115;114;125;134;139;136;114;105;88;63;50;52;1850
"314130 Medeiros";117;126;155;166;153;139;140;146;139;147;128;105;93;57;40;26;21;1898
"314140 Medina";825;877;960;970;862;755;756;756;685;658;558;454;400;331;280;211;223;10561
"314150 Mendes Pimentel";184;221;276;267;247;216;233;243;234;230;196;159;151;126;87;73;88;3231
"314160 Mercês";301;331;385;417;407;389;395;385;372;370;362;319;244;204;172;118;121;5292
"314170 Mesquita";176;202;251;253;232;222;214;216;200;178;180;162;145;119;87;68;90;2995
"314180 Minas Novas";1214;1356;1667;1789;1738;1633;1308;996;811;768;650;524;437;326;235;151;124;15727
"314190 Minduri";107;120;156;174;161;141;140;143;138;139;135;114;90;67;40;24;29;1918
"314200 Mirabela";494;524;602;650;609;566;519;478;420;374;372;306;260;212;167;120;130;6803
"314210 Miradouro";341;368;431;458;432;442;432;407;380;358;340;291;212;167;133;93;113;5398
"314220 Miraí";483;491;535;639;650;582;534;496;481;478;452;418;328;238;179;135;152;7271
"314225 Miravânia";196;211;228;222;206;184;173;159;142;134;112;113;84;69;60;37;40;2370
"314230 Moeda";144;163;200;194;170;155;163;168;167;173;168;138;118;91;67;60;78;2417
"314240 Moema";236;260;281;281;301;305;285;273;268;254;224;189;165;130;93;68;66;3679
"314250 Monjolos";80;90;106;105;96;83;85;99;82;75;69;60;51;43;36;25;19;1204
"314260 Monsenhor Paulo";261;275;341;365;363;361;346;305;283;275;287;274;201;145;106;65;78;4331
"314270 Montalvânia";593;646;753;779;680;591;540;474;464;490;446;366;312;276;200;147;177;7934
"314280 Monte Alegre de Minas";643;644;701;819;844;849;799;752;752;743;660;596;496;389;283;224;265;10459
"314290 Monte Azul";633;698;808;934;931;824;799;740;722;747;682;585;490;421;315;211;268;10808
"314300 Monte Belo";356;389;503;572;583;583;532;529;505;494;463;394;312;240;188;135;135;6913
"314310 Monte Carmelo";1505;1631;1881;2005;1984;1981;1981;1911;1776;1729;1494;1188;905;660;449;309;283;23672
"314315 Monte Formoso";242;257;285;267;209;183;170;144;135;125;105;89;80;76;65;42;46;2520
"314320 Monte Santo de Minas";625;688;792;858;875;867;821;759;730;754;721;645;524;397;303;234;258;10851
"314340 Monte Sião";695;749;837;881;933;997;1013;867;805;797;699;587;463;339;235;163;176;11236
"314330 Montes Claros";13609;14216;15695;17015;17599;17926;16705;14374;12335;11044;9422;7626;5786;4288;2965;1950;1837;184392
"314345 Montezuma";326;338;382;398;382;349;309;278;244;214;191;154;126;104;78;56;49;3978
"314350 Morada Nova de Minas";285;285;319;362;351;327;294;304;338;359;314;229;181;136;118;86;74;4362
"314360 Morro da Garça";86;107;122;117;109;107;112;96;82;81;80;67;50;53;37;23;27;1356
"314370 Morro do Pilar";100;117;132;149;149;127;122;112;107;116;111;89;77;64;51;40;42;1705
"314380 Munhoz";204;227;264;277;267;260;254;243;229;220;206;172;146;110;70;43;42;3234
"314390 Muriaé";3199;3420;3808;4123;4270;4516;4339;3814;3404;3427;3105;2720;2189;1556;1113;839;924;50766
"314400 Mutum";965;1007;1128;1128;1056;1096;1096;1020;956;891;794;670;573;444;355;261;283;13723
"314410 Muzambinho";644;668;713;815;832;853;837;764;693;700;720;614;487;374;273;215;227;10429
"314420 Nacip Raydan";108;110;144;160;154;118;110;107;109;111;83;66;57;59;50;40;45;1631
"314430 Nanuque";1454;1581;1716;1703;1659;1684;1668;1489;1342;1301;1112;914;724;612;520;375;411;20265
"314435 Naque";276;276;287;336;324;287;259;226;177;191;197;152;125;83;64;46;54;3360
"314437 Natalândia";131;145;158;167;160;141;134;121;114;116;91;76;65;48;32;21;25;1745
"314440 Natércia";115;131;169;169;160;177;181;179;176;196;191;171;144;103;68;52;72;2454
"314450 Nazareno";259;295;365;380;330;319;332;325;325;318;270;243;177;137;103;76;68;4322
"314460 Nepomuceno";852;920;1050;1126;1075;1058;1055;956;828;817;816;765;640;455;315;224;235;13187
"314465 Ninheira";334;407;524;522;479;433;404;342;302;299;276;225;197;151;121;85;93;5194
"314467 Nova Belém";144;152;165;152;123;114;122;138;135;132;123;97;80;54;35;25;18;1809
"314470 Nova Era";608;633;665;727;734;710;636;589;567;599;562;422;313;239;175;118;149;8446
"314480 Nova Lima";2705;2740;3036;3395;3570;3872;3892;3437;3043;2980;2662;2186;1613;1135;754;471;404;41895
"314490 Nova Módica";137;146;170;172;157;136;138;115;114;125;105;87;65;65;59;45;46;1882
"314500 Nova Ponte";514;562;654;665;654;685;644;573;542;511;423;289;227;154;113;69;67;7346
"314505 Nova Porteirinha";297;316;341;379;375;347;335;276;247;223;185;147;119;99;73;50;38;3847
"314510 Nova Resende";598;627;676;726;699;713;692;652;602;548;513;430;335;243;165;115;139;8473
"314520 Nova Serrana";3493;3679;4067;4373;5132;5589;4731;3368;2550;2063;1605;1205;798;507;328;199;159;43846
"313660 Nova União";185;201;228;238;231;219;227;217;198;186;175;143;124;103;75;61;54;2865
"314530 Novo Cruzeiro";1407;1480;1680;1676;1444;1298;1173;996;866;791;679;535;460;365;288;210;229;15577
"314535 Novo Oriente de Minas";383;435;532;538;485;433;383;365;332;276;246;226;219;197;177;134;125;5486
"314537 Novorizonte";197;197;228;242;230;226;215;172;152;133;115;104;103;88;71;60;56;2589
"314540 Olaria";46;55;73;79;74;68;67;80;78;79;87;68;55;44;30;27;21;1031
"314545 Olhos-d'Água";255;277;293;283;274;265;246;198;173;165;140;128;101;64;46;28;17;2953
"314550 Olímpio Noronha";73;81;107;119;100;92;94;98;98;93;92;88;75;55;37;32;29;1363
"314560 Oliveira";1228;1334;1537;1668;1633;1579;1569;1553;1428;1376;1299;1082;832;609;462;339;365;19893
"314570 Oliveira Fortes";64;69;83;92;86;79;77;78;82;81;71;71;61;37;27;19;16;1093
"314580 Onça de Pitangui";99;107;151;158;125;108;114;127;119;112;96;70;57;50;41;31;24;1589
"314585 Oratórios";164;175;183;202;189;181;183;168;142;138;140;127;89;67;51;39;45;2283
"314587 Orizânia";295;303;363;381;330;300;314;299;249;231;209;167;144;99;77;59;58;3878
"314590 Ouro Branco";1214;1266;1411;1668;1836;1928;1717;1351;1120;1143;1174;1058;698;418;254;153;155;18564
"314600 Ouro Fino";932;1011;1189;1323;1284;1289;1263;1226;1165;1160;1093;955;768;618;453;310;349;16388
"314610 Ouro Preto";2280;2506;2937;3221;3260;3151;2941;2683;2385;2311;2115;1735;1328;969;677;441;399;35339
"314620 Ouro Verde de Minas";239;260;296;296;267;234;212;202;183;167;160;128;105;99;76;54;75;3053
"314625 Padre Carvalho";312;314;330;323;331;306;268;204;150;143;126;107;81;56;42;25;31;3149
"314630 Padre Paraíso";810;878;969;916;798;719;701;659;572;535;457;356;334;301;254;187;198;9644
"314655 Pai Pedro";245;265;292;315;302;258;240;208;174;163;146;127;102;86;64;43;50;3080
"314640 Paineiras";108;123;161;183;164;145;150;154;170;192;184;160;133;104;82;64;58;2335
"314650 Pains";247;272;307;336;318;312;302;300;290;317;300;235;176;142;102;84;90;4130
"314660 Paiva";31;39;52;56;49;44;52;57;63;69;71;59;41;31;24;18;26;782
"314670 Palma";174;200;239;243;256;280;248;219;220;248;245;205;181;143;104;85;97;3387
"314675 Palmópolis";215;259;292;317;299;237;240;227;203;203;176;159;151;118;102;88;101;3387
"314690 Papagaios";611;629;681;748;693;620;583;568;552;506;419;315;239;166;108;75;77;7590
"314710 Pará de Minas";2750;2994;3561;3974;4004;3980;3819;3477;3130;2935;2656;2137;1547;1083;782;561;548;43938
"314700 Paracatu";3373;3543;4047;4364;4359;4156;3724;3300;2937;2736;2348;1779;1325;898;631;450;426;44396
"314720 Paraguaçu";630;667;768;866;902;876;796;736;698;721;700;589;483;388;282;205;234;10541
"314730 Paraisópolis";639;666;760;846;811;810;810;775;773;741;667;545;439;346;255;178;177;10238
"314740 Paraopeba";806;877;1014;1087;1071;1023;954;835;800;830;699;521;384;275;182;127;126;11611
"314760 Passa Quatro";485;535;617;669;649;620;620;596;592;577;510;441;349;258;171;121;137;7947
"314770 Passa Tempo";205;240;289;318;335;323;301;296;324;333;289;234;205;171;121;97;91;4172
"314780 Passa-Vinte";58;72;83;84;80;70;67;73;85;97;86;63;52;41;34;23;25;1093
"314750 Passabém";47;50;55;68;70;57;58;58;57;69;62;51;49;36;29;21;20;857
"314790 Passos";3560;3750;4167;4650;4679;4614;4356;4061;3838;3761;3404;2887;2300;1727;1220;847;851;54672
"314795 Patis";229;250;286;301;303;253;224;206;181;183;149;118;102;96;66;39;45;3031
"314800 Patos de Minas";4171;4561;5334;6059;6166;5989;5694;5343;5287;5144;4581;3841;3008;2162;1543;1054;1016;70953
"314810 Patrocínio";2987;3165;3589;3967;3899;3788;3594;3398;3152;3057;2652;2064;1603;1131;853;589;556;44044
"314820 Patrocínio do Muriaé";145;157;190;216;215;216;209;198;187;199;188;165;137;115;91;64;73;2765
"314830 Paula Cândido";299;314;390;412;411;419;370;326;305;333;316;248;198;140;115;93;115;4804
"314840 Paulistas";187;211;251;254;210;160;143;137;128;138;129;105;87;79;72;62;63;2416
"314850 Pavão";306;317;352;365;369;373;349;322;287;241;237;204;176;156;132;98;123;4407
"314860 Peçanha";708;747;810;838;796;741;689;577;508;485;416;353;280;232;201;160;172;8713
"314870 Pedra Azul";984;1054;1160;1164;1056;931;841;769;755;720;605;491;414;364;284;202;201;11995
"314875 Pedra Bonita";297;321;365;334;287;293;305;280;228;198;166;148;123;79;65;47;45;3581
"314880 Pedra do Anta";84;104;128;128;133;109;105;114;114;117;112;100;82;72;67;51;56;1676
"314890 Pedra do Indaiá";112;122;138;142;151;149;146;148;152;165;144;115;103;78;69;49;42;2025
"314900 Pedra Dourada";81;87;106;108;91;99;101;94;89;83;63;57;45;35;23;17;23;1202
"314910 Pedralva";374;395;471;532;473;430;410;387;414;445;394;324;274;193;138;103;118;5875
"314915 Pedras de Maria da Cruz";451;470;530;580;540;476;425;339;300;312;285;230;191;151;115;93;78;5566
"314920 Pedrinópolis";138;139;143;154;137;128;126;135;136;135;112;95;91;64;42;36;40;1851
"314930 Pedro Leopoldo";1864;2057;2414;2626;2628;2622;2528;2275;2029;2025;1885;1623;1229;852;574;384;412;30027
"314940 Pedro Teixeira";53;63;78;79;67;65;75;75;72;76;73;53;45;33;23;15;19;964
"314950 Pequeri";104;102;113;147;145;129;117;101;100;108;116;97;71;55;39;32;34;1610
"314960 Pequi";146;151;160;182;178;147;142;156;155;159;137;103;83;61;50;50;61;2121
"314970 Perdigão";377;402;426;460;504;505;424;364;350;299;256;220;145;120;89;69;65;5075
"314980 Perdizes";581;631;701;720;682;660;636;614;569;512;459;384;298;193;131;85;64;7920
"314990 Perdões";607;646;770;842;842;841;809;753;690;690;680;607;477;353;252;182;185;10226
"314995 Periquito";281;300;345;351;286;256;262;230;211;198;166;154;114;90;79;67;77;3467
"315000 Pescador";155;170;205;207;181;162;137;119;120;127;110;85;74;70;65;50;54;2091
"315010 Piau";78;80;89;109;111;95;96;108;104;119;120;94;83;59;54;42;44;1485
"315015 Piedade de Caratinga";319;326;363;392;342;302;309;298;266;254;206;157;119;88;77;63;66;3947
"315020 Piedade de Ponte Nova";163;168;173;183;177;175;162;133;121;121;111;89;70;61;44;34;46;2031
"315030 Piedade do Rio Grande";119;146;165;171;151;130;147;174;189;194;182;167;137;97;86;61;55;2371
"315040 Piedade dos Gerais";138;165;200;212;188;165;179;177;182;187;171;145;117;99;76;57;52;2510
"315050 Pimenta";253;273;314;344;359;351;349;354;332;326;297;253;193;130;103;74;72;4377
"315053 Pingo-d'Água";182;195;206;188;179;184;192;169;143;136;130;112;95;76;49;36;34;2306
"315057 Pintópolis";352;364;391;396;370;317;286;230;172;190;187;152;143;108;84;64;77;3883
"315060 Piracema";158;180;241;289;257;210;224;240;246;259;235;186;155;127;98;82;91;3278
"315070 Pirajuba";210;226;235;253;268;312;303;250;199;161;136;111;83;60;43;26;35;2911
"315080 Piranga";645;657;741;847;831;761;681;587;570;539;500;410;302;260;206;137;184;8858
"315090 Piranguçu";165;177;215;223;209;203;204;206;201;197;191;161;132;106;76;54;65;2785
"315100 Piranguinho";270;282;343;390;338;313;315;292;296;298;280;224;173;136;103;79;78;4210
"315110 Pirapetinga";313;335;395;439;434;439;440;405;365;351;345;290;221;158;115;88;77;5210
"315120 Pirapora";2114;2172;2357;2525;2492;2460;2312;1943;1695;1670;1479;1220;938;665;445;270;323;27080
"315130 Piraúba";340;366;380;399;427;433;409;367;360;391;378;346;265;195;163;127;139;5485
"315140 Pitangui";900;972;1120;1218;1200;1113;1061;983;922;874;739;601;470;358;257;184;223;13195
"315150 Piumhi";952;1062;1230;1351;1403;1394;1338;1233;1113;1144;1111;946;734;532;390;289;329;16551
"315160 Planura";446;444;446;486;530;608;558;445;403;344;325;262;193;138;107;70;51;5856
"315170 Poço Fundo";494;520;571;632;615;651;624;590;621;650;602;530;456;335;227;167;181;8466
"315180 Poços de Caldas";4748;4980;5588;6211;6402;6723;6635;5972;5336;5079;4734;4271;3519;2565;1788;1230;1241;77022
"315190 Pocrane";258;291;325;347;347;327;320;301;270;282;287;272;230;198;161;122;145;4483
"315200 Pompéu";1152;1210;1319;1423;1415;1303;1199;1097;1019;983;863;659;505;401;314;224;203;15289
"315210 Ponte Nova";1753;1893;2158;2359;2397;2412;2397;2140;1921;1981;1810;1534;1171;839;590;413;506;28274
"315213 Ponto Chique";173;185;197;195;187;186;174;134;123;115;95;88;80;61;44;28;28;2093
"315217 Ponto dos Volantes";577;603;627;579;488;426;401;360;350;323;286;235;206;189;163;114;98;6025
"315220 Porteirinha";1276;1405;1580;1693;1745;1727;1610;1347;1232;1186;1031;878;760;596;445;298;329;19138
"315230 Porto Firme";321;346;397;451;423;451;481;428;400;407;368;292;215;181;128;101;137;5527
"315240 Poté";616;668;742;750;670;601;553;518;489;475;444;371;310;235;199;166;199;8006
"315250 Pouso Alegre";4370;4616;5214;5952;6109;6331;6100;5346;4823;4617;4186;3513;2642;1897;1258;904;972;68850
"315260 Pouso Alto";167;177;207;254;253;214;213;223;239;245;236;183;149;113;94;79;78;3124
"315270 Prados";284;308;336;348;340;344;371;339;333;335;301;223;161;118;95;71;66;4373
"315280 Prata";912;971;1072;1124;1145;1157;1121;1083;1059;986;833;704;586;413;280;196;201;13843
"315290 Pratápolis";241;262;314;350;342;318;303;306;291;308;332;308;244;182;157;105;110;4473
"315300 Pratinha";89;92;114;118;127;147;143;135;137;139;124;105;94;73;67;45;40;1789
"315310 Presidente Bernardes";185;197;223;222;190;164;182;193;200;219;194;155;126;101;82;74;86;2793
"315320 Presidente Juscelino";125;132;152;167;168;143;143;151;135;139;122;100;77;72;68;44;40;1978
"315330 Presidente Kubitschek";147;135;139;145;131;126;115;100;77;84;79;66;54;41;36;25;24;1524
"315340 Presidente Olegário";584;642;759;813;756;731;760;778;742;718;625;520;435;357;262;162;167;9811
"315360 Prudente de Morais";342;381;452;505;473;444;379;354;318;313;299;227;155;121;92;63;59;4977
"315370 Quartel Geral";116;139;153;157;150;122;116;112;108;118;126;95;81;59;47;34;23;1756
"315380 Queluzito";43;54;67;70;66;51;60;77;80;93;91;69;51;39;35;21;21;988
"315390 Raposos";526;546;602;695;707;684;703;616;501;461;451;385;296;207;110;64;77;7631
"315400 Raul Soares";734;806;886;889;857;831;833;846;867;882;792;694;545;438;356;275;340;11871
"315410 Recreio";282;309;352;388;364;354;378;359;332;362;352;305;278;234;177;132;156;5114
"315415 Reduto";279;288;323;337;304;289;274;234;213;209;193;160;127;96;72;57;70;3525
"315420 Resende Costa";341;372;413;448;464;444;390;389;371;379;407;346;245;183;143;99;103;5537
"315430 Resplendor";593;642;701;725;655;598;580;576;544;544;525;444;400;331;262;199;219;8538
"315440 Ressaquinha";147;163;188;212;209;174;183;188;187;182;159;122;94;89;62;35;34;2428
"315445 Riachinho";296;333;418;459;373;314;319;266;258;259;247;214;144;117;92;70;70;4249
"315450 Riacho dos Machados";388;406;460;514;504;456;383;298;275;274;222;186;155;125;88;57;67;4858
"315460 Ribeirão das Neves";12037;12422;14263;15136;14618;14875;14348;12723;10395;8803;7502;6402;4590;2979;1896;1114;983;155086
"315470 Ribeirão Vermelho";107;116;132;140;154;160;151;127;108;118;145;139;91;63;53;46;51;1901
"315480 Rio Acima";313;319;379;432;417;442;419;382;346;310;284;230;170;116;80;54;46;4739
"315490 Rio Casca";472;493;551;589;568;524;521;499;431;426;424;367;291;227;164;126;167;6840
"315510 Rio do Prado";203;209;227;246;224;212;200;181;176;155;143;135;104;81;78;61;61;2696
"315500 Rio Doce";62;72;102;123;117;108;79;79;88;101;100;72;52;41;31;21;32;1280
"315520 Rio Espera";175;212;256;259;216;170;181;204;224;244;202;148;128;122;103;75;74;2993
"315530 Rio Manso";150;169;211;239;226;223;220;214;210;212;198;162;139;119;92;62;61;2907
"315540 Rio Novo";238;277;343;368;354;344;348;319;308;328;310;244;206;172;117;87;102;4465
"315550 Rio Paranaíba";389;413;482;523;530;534;526;495;444;419;383;319;257;170;126;94;89;6193
"315560 Rio Pardo de Minas";1135;1232;1573;1670;1494;1415;1247;1053;921;852;729;591;472;358;285;188;187;15402
"315570 Rio Piracicaba";430;489;542;592;578;523;537;508;505;506;457;388;314;243;176;121;124;7033
"315580 Rio Pomba";492;550;655;763;784;731;647;590;605;594;546;477;377;295;248;195;221;8770
"315590 Rio Preto";154;177;218;217;194;189;203;198;201;208;189;158;118;105;83;52;61;2725
"315600 Rio Vermelho";536;596;706;698;561;449;408;386;404;394;354;297;248;201;163;133;120;6654
"315610 Ritápolis";116;128;168;203;191;158;167;172;175;181;167;160;134;100;75;56;52;2403
"315620 Rochedo de Minas";72;81;95;89;90;92;74;82;86;76;77;67;47;36;26;16;27;1133
"315630 Rodeiro";232;241;299;324;319;333;317;284;269;278;210;176;134;98;77;55;65;3711
"315640 Romaria";115;119;143;150;144;149;150;146;141;138;116;104;92;60;46;29;24;1866
"315645 Rosário da Limeira";124;141;164;191;195;185;187;172;164;168;133;118;101;71;60;45;52;2271
"315650 Rubelita";266;309;354;351;299;250;253;238;231;240;204;192;176;139;112;76;67;3757
"315660 Rubim";339;395;440;428;433;382;351;359;342;333;288;247;223;194;167;141;144;5206
"315670 Sabará";4505;4766;5536;5982;5626;5601;5513;4882;4370;4116;3569;2882;2078;1456;991;649;600;63122
"315680 Sabinópolis";602;637;716;753;669;573;512;497;481;484;458;360;299;257;194;151;173;7816
"315690 Sacramento";816;872;963;1064;1117;1109;1066;986;883;852;766;625;504;387;283;196;222;12711
"315700 Salinas";1338;1470;1675;1755;1719;1664;1594;1457;1333;1239;1059;896;787;643;503;371;428;19931
"315710 Salto da Divisa";318;314;295;300;293;266;260;226;218;236;228;177;124;106;85;68;73;3587
"315720 Santa Bárbara";1056;1077;1157;1317;1341;1332;1258;1110;953;955;847;653;487;335;224;146;157;14405
"315725 Santa Bárbara do Leste";278;286;330;338;313;317;328;312;300;288;233;203;159;127;87;70;76;4045
"315727 Santa Bárbara do Monte Verde";98;103;114;125;113;99;102;108;125;137;115;92;69;49;37;27;28;1541
"315730 Santa Bárbara do Tugúrio";141;152;169;182;191;162;163;176;170;172;155;128;111;90;64;43;49;2318
"315733 Santa Cruz de Minas";258;293;343;350;357;351;334;324;296;274;247;206;140;93;64;38;32;4000
"315737 Santa Cruz de Salinas";169;191;216;216;193;145;146;142;134;132;121;116;100;75;68;54;46;2264
"315740 Santa Cruz do Escalvado";136;165;206;209;187;168;193;181;161;166;157;145;122;82;81;61;80;2500
"315750 Santa Efigênia de Minas";165;196;245;235;189;150;146;153;140;123;116;92;80;71;63;41;42;2247
"315760 Santa Fé de Minas";169;175;202;212;175;148;140;121;128;131;124;110;79;54;45;34;38;2085
"315765 Santa Helena de Minas";304;297;316;307;268;234;227;197;170;154;146;124;108;96;79;54;65;3146
"315770 Santa Juliana";432;469;527;545;571;650;627;509;431;399;346;287;222;148;103;63;54;6383
"315780 Santa Luzia";7684;8086;9252;9717;9168;9233;9078;8387;7169;6197;5247;4418;3251;2244;1458;916;755;102260
"315790 Santa Margarida";637;658;711;717;656;663;664;563;503;479;431;368;265;199;143;101;108;7866
"315800 Santa Maria de Itabira";380;394;465;535;503;421;370;375;354;354;315;242;190;133;108;83;124;5346
"315810 Santa Maria do Salto";179;197;210;222;238;228;210;168;164;178;167;149;124;101;76;54;81;2746
"315820 Santa Maria do Suaçuí";552;589;698;741;677;580;543;479;417;430;395;320;248;206;171;131;138;7315
"315920 Santa Rita de Caldas";246;260;283;302;302;318;356;357;351;366;339;306;270;222;154;102;117;4651
"315940 Santa Rita de Ibitipoca";109;121;151;155;139;130;117;134;140;141;130;107;84;64;53;35;38;1848
"315930 Santa Rita de Jacutinga";129;134;164;196;177;161;169;183;197;202;193;165;133;108;91;66;78;2546
"315935 Santa Rita de Minas";237;255;290;302;307;297;285;257;223;215;193;176;148;98;77;51;59;3470
"315950 Santa Rita do Itueto";213;234;248;241;225;205;208;210;191;200;176;146;136;102;77;51;60;2923
"315960 Santa Rita do Sapucaí";1326;1409;1598;1752;1860;1909;1760;1541;1368;1305;1161;934;738;540;368;258;279;20106
"315970 Santa Rosa da Serra";104;119;151;146;137;134;128;122;118;128;117;101;83;62;38;23;24;1735
"315980 Santa Vitória";608;659;701;738;779;791;777;798;744;682;582;485;404;353;294;220;218;9833
"315830 Santana da Vargem";223;245;301;302;283;286;285;277;271;245;230;203;164;120;80;51;43;3609
"315840 Santana de Cataguases";115;115;119;129;128;127;120;118;131;134;132;133;116;83;69;55;51;1875
"315850 Santana de Pirapama";227;262;333;329;290;274;292;302;301;290;260;248;193;167;135;96;107;4106
"315860 Santana do Deserto";122;146;179;166;152;140;132;119;126;156;138;102;89;73;58;36;32;1966
"315870 Santana do Garambéu";65;82;105;99;96;106;99;93;80;77;77;62;60;52;34;19;22;1228
"315880 Santana do Jacaré";126;145;183;201;208;179;171;181;165;156;153;140;112;82;70;55;67;2394
"315890 Santana do Manhuaçu";336;351;392;372;363;364;342;327;301;283;240;216;176;136;101;75;82;4457
"315895 Santana do Paraíso";1205;1240;1355;1402;1322;1276;1306;1217;1059;897;768;666;505;314;224;182;170;15108
"315900 Santana do Riacho";129;137;161;163;157;164;168;180;163;143;124;113;97;64;50;36;43;2092
"315910 Santana dos Montes";112;144;186;171;140;127;120;129;151;155;128;103;92;77;60;39;39;1973
"315990 Santo Antônio do Amparo";607;648;737;813;771;702;718;654;579;572;531;481;383;276;189;122;115;8898
"316000 Santo Antônio do Aventureiro";101;114;131;148;120;106;129;134;138;135;131;116;94;83;59;45;59;1843
"316010 Santo Antônio do Grama";129;141;166;182;163;154;142;137;140;146;118;100;85;71;57;43;57;2031
"316020 Santo Antônio do Itambé";166;191;236;232;185;136;130;127;104;110;93;76;76;58;36;36;39;2031
"316030 Santo Antônio do Jacinto";471;520;534;515;460;438;437;388;365;379;346;291;259;222;186;136;145;6092
"316040 Santo Antônio do Monte";879;922;1107;1261;1227;1180;1159;1070;951;923;828;663;499;383;273;215;242;13782
"316045 Santo Antônio do Retiro";297;329;382;378;334;295;279;240;197;184;170;163;129;96;69;50;46;3638
"316050 Santo Antônio do Rio Abaixo";55;65;79;84;73;60;58;55;64;78;68;54;36;26;19;15;15;904
"316060 Santo Hipólito";101;107;140;152;124;104;101;101;99;108;113;107;75;56;50;39;43;1620
"316070 Santos Dumont";1416;1490;1673;1944;1925;1824;1736;1603;1558;1678;1633;1335;991;731;518;373;380;22808
"316080 São Bento Abade";197;218;268;262;232;211;176;174;176;158;137;102;75;56;43;34;23;2542
"316090 São Brás do Suaçuí";108;104;110;131;150;158;146;128;128;141;129;110;77;51;40;38;37;1786
"316095 São Domingos das Dores";207;217;275;284;252;255;233;197;181;168;151;124;83;59;49;34;39;2808
"316100 São Domingos do Prata";501;571;680;675;644;650;585;568;577;598;596;494;394;334;265;195;228;8555
"316105 São Félix de Minas";124;143;166;166;144;118;129;123;117;119;100;74;61;54;45;30;33;1746
"316110 São Francisco";2414;2603;2993;3079;2742;2371;2008;1706;1496;1419;1272;1086;873;712;536;364;401;28075
"316120 São Francisco de Paula";186;207;257;286;283;278;289;272;212;207;207;189;133;104;78;58;70;3316
"316130 São Francisco de Sales";197;204;218;229;243;273;265;243;240;236;206;159;120;83;67;50;55;3088
"316140 São Francisco do Glória";150;163;203;223;203;193;206;199;174;183;180;153;122;89;70;57;65;2633
"316150 São Geraldo";329;369;429;467;494;473;465;416;372;394;371;302;237;189;141;107;145;5700
"316160 São Geraldo da Piedade";164;183;203;204;181;160;138;121;115;110;110;92;81;73;54;49;52;2090
"316165 São Geraldo do Baixio";133;148;159;156;156;144;129;125;127;136;129;96;75;60;43;30;33;1879
"316170 São Gonçalo do Abaeté";266;279;300;306;282;243;249;227;201;231;205;184;141;96;80;59;64;3413
"316180 São Gonçalo do Pará";354;397;473;484;463;463;467;440;387;375;352;282;218;174;138;108;101;5676
"316190 São Gonçalo do Rio Abaixo";319;366;475;486;461;460;443;400;344;327;282;225;167;133;103;66;83;5140
"312550 São Gonçalo do Rio Preto";111;121;135;147;145;123;110;110;99;102;81;62;53;46;35;19;17;1516
"316200 São Gonçalo do Sapucaí";827;866;971;1093;1065;1000;927;846;823;830;765;671;559;406;286;211;217;12363
"316210 São Gotardo";1174;1234;1386;1539;1591;1560;1455;1267;1175;1090;918;756;560;425;311;213;227;16881
"316220 São João Batista do Glória";216;243;280;308;304;279;266;261;279;270;234;211;183;137;91;57;54;3673
"316225 São João da Lagoa";173;176;202;237;237;203;206;200;162;164;149;126;98;66;45;35;32;2511
"316230 São João da Mata";69;69;86;107;120;105;104;111;96;118;118;95;81;50;41;28;26;1424
"316240 São João da Ponte";934;1028;1257;1354;1264;1185;1054;849;770;751;649;579;500;391;289;184;216;13254
"316245 São João das Missões";758;751;783;719;617;541;444;348;297;261;230;179;138;109;91;62;52;6380
"316250 São João del Rei";2307;2563;3061;3426;3460;3396;3350;3220;3094;3152;3004;2556;1889;1302;923;651;608;41962
"316255 São João do Manhuaçu";439;454;507;517;488;511;448;379;344;345;325;244;175;127;86;65;74;5528
"316257 São João do Manteninha";177;187;211;220;208;200;192;201;189;183;172;154;116;91;72;56;71;2700
"316260 São João do Oriente";270;279;308;358;350;284;255;266;251;240;223;192;167;130;113;89;98;3873
"316265 São João do Pacuí";173;180;204;197;178;169;166;159;137;128;103;93;93;70;53;34;32;2169
"316270 São João do Paraíso";795;881;1044;1165;1197;1125;961;785;674;628;539;481;397;340;256;167;182;11617
"316280 São João Evangelista";539;607;724;787;711;575;528;501;472;485;440;353;280;243;208;154;161;7768
"316290 São João Nepomuceno";709;786;952;1055;1022;1020;940;836;829;922;882;730;579;435;297;244;336;12574
"316292 São Joaquim de Bicas";1030;1038;1221;1415;1485;1755;1661;1311;1042;840;691;578;415;323;227;139;126;15297
"316294 São José da Barra";237;261;287;296;307;310;280;265;263;257;237;211;170;111;77;50;49;3668
"316295 São José da Lapa";736;792;932;1009;967;912;861;830;751;712;614;509;367;245;170;112;99;10618
"316300 São José da Safira";186;184;196;205;201;175;171;158;139;122;99;79;53;38;30;23;20;2079
"316310 São José da Varginha";156;160;180;197;188;181;185;186;166;164;149;103;71;66;51;40;52;2295
"316320 São José do Alegre";119;130;170;172;146;148;142;151;148;146;153;124;85;67;54;40;36;2031
"316330 São José do Divino";148;160;191;194;172;144;142;123;117;115;107;83;68;63;44;32;33;1936
"316340 São José do Goiabal";178;194;223;244;216;191;183;184;181;194;190;152;119;85;70;58;71;2733
"316350 São José do Jacuri";250;269;297;325;320;280;222;208;220;211;185;148;119;98;76;59;62;3349
"316360 São José do Mantimento";81;96;121;116;99;101;101;96;87;98;93;66;53;43;33;26;22;1332
"316370 São Lourenço";1309;1385;1512;1669;1618;1577;1697;1513;1389;1442;1350;1185;942;699;520;392;454;20653
"316380 São Miguel do Anta";200;226;266;298;314;272;258;242;221;232;238;211;172;117;88;75;76;3506
"316390 São Pedro da União";141;145;172;217;214;195;178;168;166;182;190;174;162;118;79;56;63;2620
"316410 São Pedro do Suaçuí";191;210;221;249;246;223;206;176;156;155;140;121;115;109;96;69;64;2747
"316400 São Pedro dos Ferros";302;318;338;349;318;302;307;272;253;269;251;219;186;126;94;79;94;4077
"316420 São Romão";495;491;550;602;554;504;475;410;341;315;286;213;163;117;82;60;49;5707
"316430 São Roque de Minas";210;223;256;284;279;269;275;267;277;295;253;207;163;120;88;58;62;3586
"316440 São Sebastião da Bela Vista";201;189;194;214;218;217;211;201;186;184;176;159;131;88;63;40;40;2712
"316443 São Sebastião da Vargem Alegre";98;99;108;123;124;120;129;114;102;117;96;79;72;53;39;26;27;1526
"316447 São Sebastião do Anta";246;264;301;295;265;265;266;222;181;161;145;123;108;79;55;51;53;3080
"316450 São Sebastião do Maranhão";429;470;547;518;431;365;362;349;335;331;277;228;210;178;129;79;90;5328
"316460 São Sebastião do Oeste";206;226;249;247;293;342;283;221;197;194;178;168;140;106;82;58;64;3254
"316470 São Sebastião do Paraíso";2205;2325;2658;2927;2882;2897;2729;2427;2251;2134;1951;1811;1467;1064;750;552;556;33586
"316480 São Sebastião do Rio Preto";56;56;53;54;43;32;43;49;54;57;54;49;44;36;29;24;23;756
"316490 São Sebastião do Rio Verde";62;62;67;75;84;80;76;82;80;85;85;72;61;41;27;21;25;1085
"316520 São Thomé das Letras";222;249;323;351;321;304;277;281;280;268;249;201;131;91;60;36;25;3669
"316500 São Tiago";333;365;418;451;437;426;425;409;371;375;377;304;231;180;138;104;95;5439
"316510 São Tomás de Aquino";240;238;289;326;296;288;281;248;211;203;201;203;174;133;111;77;69;3588
"316530 São Vicente de Minas";218;242;294;315;290;276;267;246;243;251;234;198;165;116;84;61;57;3557
"316540 Sapucaí-Mirim";233;245;297;320;266;250;258;236;216;216;206;178;134;107;79;56;62;3359
"316550 Sardoá";222;255;330;333;273;229;195;188;174;164;152;129;90;71;66;46;35;2952
"316553 Sarzedo";1123;1184;1340;1337;1230;1235;1245;1178;1059;938;743;557;399;266;173;108;95;14210
"316556 Sem-Peixe";66;78;95;108;102;88;95;96;99;99;101;76;71;74;56;40;49;1393
"316557 Senador Amaral";210;218;249;266;246;253;244;225;201;180;150;122;101;71;43;28;30;2837
"316560 Senador Cortes";76;76;88;86;74;74;84;69;61;66;58;55;42;32;23;15;22;1001
"316570 Senador Firmino";223;247;277;292;283;282;276;251;231;263;268;233;194;164;136;94;87;3801
"316580 Senador José Bento";30;46;68;72;64;59;55;51;70;85;80;71;64;47;33;23;27;945
"316590 Senador Modestino Gonçalves";149;174;219;236;193;157;153;140;148;147;127;108;83;77;70;37;38;2256
"316600 Senhora de Oliveira";179;198;241;251;222;206;214;219;215;215;188;133;120;91;78;62;73;2905
"316610 Senhora do Porto";146;155;154;163;148;117;114;108;103;115;105;80;69;70;59;46;52;1804
"316620 Senhora dos Remédios";312;358;406;424;414;388;393;403;386;400;339;269;233;195;136;83;94;5233
"316630 Sericita";271;286;329;344;321;316;321;280;251;227;194;171;126;99;76;53;64;3729
"316640 Seritinga";57;62;67;79;78;70;67;66;67;68;64;50;51;41;27;18;20;952
"316650 Serra Azul de Minas";195;204;241;251;206;157;136;130;115;109;106;82;63;52;41;32;34;2154
"316660 Serra da Saudade";23;32;41;30;31;34;35;33;30;23;24;26;23;17;13;10;11;436
"316680 Serra do Salitre";419;422;471;520;498;509;481;434;412;384;332;250;179;132;100;60;53;5656
"316670 Serra dos Aimorés";337;357;396;388;352;357;351;296;276;261;220;193;144;114;99;76;94;4311
"316690 Serrania";288;308;342;346;308;280;281;250;221;242;221;201;178;124;97;79;83;3849
"316695 Serranópolis de Minas";173;182;194;204;200;190;193;160;139;147;137;114;86;80;58;36;38;2331
"316700 Serranos";64;71;72;87;90;76;79;74;74;73;68;46;37;35;24;18;21;1009
"316710 Serro";803;883;1092;1133;974;838;744;657;611;632;581;451;350;269;200;153;190;10561
"316720 Sete Lagoas";7037;7574;8744;9759;10093;10347;9724;8501;7629;7388;6539;5305;3906;2746;1891;1225;1181;109589
"316555 Setubinha";668;649;680;621;509;442;382;311;262;240;222;200;150;120;96;59;68;5679
"316730 Silveirânia";60;69;82;101;89;78;80;74;85;99;98;78;51;40;32;30;30;1176
"316740 Silvianópolis";183;193;228;256;258;232;208;209;215;235;224;186;174;148;109;79;82;3219
"316750 Simão Pereira";79;86;105;107;99;105;100;88;88;86;83;79;53;39;30;21;16;1264
"316760 Simonésia";745;795;871;880;842;812;846;784;659;588;496;413;333;268;221;152;151;9856
"316770 Sobrália";206;223;258;262;217;169;163;167;169;188;185;168;127;94;86;68;88;2838
"316780 Soledade de Minas";214;206;203;219;223;226;235;216;202;214;198;173;127;103;88;58;64;2969
"316790 Tabuleiro";109;120;138;157;148;138;143;128;133;144;141;137;113;88;74;56;53;2020
"316800 Taiobeiras";1182;1252;1423;1489;1455;1377;1299;1157;1021;923;809;688;535;428;321;248;289;15896
"316805 Taparuba";92;103;111;117;121;114;128;104;94;116;118;100;85;77;60;48;48;1636
"316810 Tapira";148;156;159;200;216;210;190;160;162;179;165;147;108;64;46;28;26;2364
"316820 Tapiraí";57;69;70;71;71;69;69;63;72;80;80;62;53;48;29;23;29;1015
"316830 Taquaraçu de Minas";147;155;173;172;158;154;159;162;133;148;134;102;96;77;58;37;33;2098
"316840 Tarumirim";498;558;618;605;540;501;478;483;457;448;448;392;327;284;228;161;197;7223
"316850 Teixeiras";320;337;403;461;455;425;392;386;383;394;396;353;277;223;172;133;141;5651
"316860 Teófilo Otoni";4806;5105;5651;5857;5704;5665;5416;4861;4433;4269;3734;3046;2335;1807;1424;1064;1165;66342
"316870 Timóteo";2696;2928;3230;3494;3545;3627;3473;2985;2732;2937;2721;2167;1556;1043;769;594;604;41101
"316880 Tiradentes";224;233;262;312;317;307;331;313;273;266;249;194;147;93;62;40;36;3659
"316890 Tiros";179;194;237;257;243;226;232;243;255;271;270;260;200;149;116;69;86;3487
"316900 Tocantins";496;515;585;683;671;622;631;609;574;584;516;436;359;295;219;158;169;8122
"316905 Tocos do Moji";87;107;134;148;152;163;178;176;173;192;176;134;121;106;66;47;51;2211
"316910 Toledo";200;211;240;260;254;234;227;233;236;214;188;172;151;123;89;67;67;3166
"316920 Tombos";297;311;318;340;351;378;366;313;308;303;300;268;201;168;129;96;131;4578
"316930 Três Corações";2590;2739;3171;3451;3271;3318;3245;2845;2566;2398;2169;1859;1426;1013;687;482;490;37720
"316935 Três Marias";1009;1072;1248;1351;1325;1273;1260;1166;1082;1017;872;764;566;404;256;170;175;15010
"316940 Três Pontas";1842;1962;2309;2487;2290;2249;2225;2079;1886;1786;1670;1466;1068;785;553;394;413;27464
"316950 Tumiritinga";266;309;352;332;269;227;225;202;187;197;200;149;116;94;81;55;56;3317
"316960 Tupaciguara";755;807;895;1001;992;930;907;917;891;892;811;682;579;462;359;277;306;12463
"316970 Turmalina";710;746;852;916;927;971;862;674;586;562;486;407;299;223;165;115;107;9608
"316980 Turvolândia";149;173;208;208;200;185;183;173;177;176;163;146;121;80;69;48;36;2495
"316990 Ubá";3513;3691;4206;4655;4693;4872;4670;4118;3698;3613;3253;2639;1971;1380;957;696;716;53341
"317000 Ubaí";549;588;654;648;580;503;469;386;328;302;282;252;208;172;118;79;88;6206
"317005 Ubaporanga";443;480;520;530;487;439;450;425;422;421;415;348;281;192;138;114;123;6228
"317010 Uberaba";9407;9969;11047;12519;13527;14325;13647;12011;10583;10213;9481;7982;6095;4425;3193;2296;2372;153092
"317020 Uberlândia";20637;21723;23761;26347;28480;29653;28307;25393;22294;21000;18435;15017;11350;7964;5547;3659;3767;313334
"317030 Umburatiba";107;126;122;117;106;106;111;96;84;77;75;67;63;43;36;22;30;1388
"317040 Unaí";2875;3026;3362;3597;3563;3600;3550;3303;2979;2655;2327;1928;1450;1044;717;486;460;40922
"317043 União de Minas";157;170;195;194;200;217;202;190;182;167;135;115;88;75;67;45;30;2429
"317047 Uruana de Minas";112;125;142;147;130;113;111;116;119;110;95;86;76;56;43;27;32;1640
"317050 Urucânia";368;390;454;497;467;433;412;376;327;320;296;233;188;150;105;75;72;5163
"317052 Urucuia";701;731;827;773;678;644;646;554;424;360;329;264;210;192;141;98;105;7677
"317057 Vargem Alegre";197;245;305;304;260;231;225;221;214;227;212;176;152;109;94;81;80;3333
"317060 Vargem Bonita";71;71;70;76;84;93;89;71;73;86;96;78;70;50;38;28;20;1164
"317065 Vargem Grande do Rio Pardo";186;211;244;261;245;227;188;160;163;139;125;107;86;55;44;34;36;2511
"317070 Varginha";3980;4151;4720;5268;5378;5610;5587;4996;4380;4253;3947;3440;2595;1715;1128;771;780;62699
"317075 Varjão de Minas";267;274;296;303;311;326;286;284;248;211;185;132;95;74;57;30;24;3403
"317080 Várzea da Palma";1393;1535;1722;1811;1768;1711;1582;1344;1172;1148;1065;889;692;486;336;219;209;19082
"317090 Varzelândia";871;909;1027;1082;994;844;718;590;511;494;436;394;326;249;210;152;155;9962
"317100 Vazante";673;728;807;862;831;838;853;805;764;743;651;535;375;280;222;131;108;10206
"317103 Verdelândia";457;457;515;548;465;387;353;264;223;212;174;136;100;75;61;40;36;4503
"317107 Veredinha";201;226;255;294;308;275;233;219;192;173;161;144;104;69;48;31;31;2964
"317110 Veríssimo";127;128;140;157;141;122;139;120;127;139;129;116;89;75;52;39;42;1882
"317115 Vermelho Novo";164;177;200;204;184;188;195;194;193;187;165;120;104;74;53;39;44;2485
"317120 Vespasiano";4353;4548;5243;5473;5009;5021;4965;4527;3886;3392;2777;2185;1508;1030;658;410;359;55344
"317130 Viçosa";2165;2379;2808;3193;3291;3373;3226;2747;2420;2369;2246;2005;1545;1030;679;493;533;36502
"317140 Vieiras";111;108;128;163;157;162;136;118;136;136;140;132;93;63;48;38;45;1914
"317160 Virgem da Lapa";441;508;606;647;653;618;535;439;429;417;385;337;270;212;151;127;122;6897
"317170 Virgínia";271;289;334;341;323;346;353;337;307;296;295;249;204;153;94;75;92;4359
"317180 Virginópolis";344;401;478;502;452;402;361;326;336;338;315;276;213;169;136;100;120;5269
"317190 Virgolândia";179;218;281;274;228;199;168;149;173;172;169;146;104;88;76;62;82;2768
"317200 Visconde do Rio Branco";1297;1377;1532;1659;1702;1787;1737;1461;1305;1340;1212;947;770;577;424;315;345;19787
"317210 Volta Grande";182;199;211;214;207;199;183;163;173;176;142;128;106;79;60;39;56;2517
"317220 Wenceslau Braz";81;88;101;94;89;85;86;98;103;107;99;83;55;43;37;31;27;1307
"Total";668935;713126;810572;879465;875719;872735;836860;753973;681574;657801;595846;499114;388123;287925;209151;147601;152735;10031255
